board_size,trial,seed,algorithm,path_cost,move_count,expanded_nodes,enqueued_nodes,max_open_size,elapsed_ns
25,0,20260907,BFS,386,35,102,106,7,26400
25,0,20260907,Dijkstra,386,35,102,106,7,23700
25,0,20260907,AStarClosed,386,35,49,61,13,12000
25,0,20260907,AStarNoClosed,386,35,49,61,13,8600
25,1,20260908,BFS,374,33,134,146,14,16000
25,1,20260908,Dijkstra,374,33,129,140,15,15000
25,1,20260908,AStarClosed,374,33,56,68,13,11300
25,1,20260908,AStarNoClosed,374,33,56,68,13,9300
25,2,20260909,BFS,386,35,102,105,7,11900
25,2,20260909,Dijkstra,386,35,99,104,8,11400
25,2,20260909,AStarClosed,386,35,51,60,10,10100
25,2,20260909,AStarNoClosed,386,35,51,60,10,7900
25,3,20260910,BFS,374,33,94,102,9,11500
25,3,20260910,Dijkstra,374,33,95,103,9,11100
25,3,20260910,AStarClosed,374,33,49,58,10,10200
25,3,20260910,AStarNoClosed,374,33,49,58,10,8200
25,4,20260911,BFS,398,37,108,115,9,12500
25,4,20260911,Dijkstra,398,37,103,111,9,11600
25,4,20260911,AStarClosed,398,37,48,62,15,9600
25,4,20260911,AStarNoClosed,398,37,48,62,15,8100
25,5,20260912,BFS,386,35,109,112,8,12100
25,5,20260912,Dijkstra,386,35,108,111,7,12200
25,5,20260912,AStarClosed,386,35,52,67,16,10000
25,5,20260912,AStarNoClosed,386,35,52,67,16,8300
25,6,20260913,BFS,398,37,121,132,12,12900
25,6,20260913,Dijkstra,398,37,113,121,9,12100
25,6,20260913,AStarClosed,398,37,50,60,11,9500
25,6,20260913,AStarNoClosed,398,37,50,60,11,8000
25,7,20260914,BFS,368,32,74,80,7,9700
25,7,20260914,Dijkstra,368,32,74,80,7,8800
25,7,20260914,AStarClosed,368,32,45,55,11,9200
25,7,20260914,AStarNoClosed,368,32,45,55,11,7000
25,8,20260915,BFS,398,37,92,96,7,10800
25,8,20260915,Dijkstra,398,37,92,96,7,10800
25,8,20260915,AStarClosed,398,37,44,55,12,8800
25,8,20260915,AStarNoClosed,398,37,44,55,12,7200
25,9,20260916,BFS,410,39,119,124,6,12800
25,9,20260916,Dijkstra,410,39,115,120,6,12300
25,9,20260916,AStarClosed,410,39,51,62,12,9300
25,9,20260916,AStarNoClosed,410,39,51,62,12,7600
25,10,20260917,BFS,356,30,123,127,8,12800
25,10,20260917,Dijkstra,356,30,124,128,9,12900
25,10,20260917,AStarClosed,356,30,49,67,19,10000
25,10,20260917,AStarNoClosed,356,30,49,67,19,8700
25,11,20260918,BFS,404,38,110,118,9,12200
25,11,20260918,Dijkstra,404,38,107,114,8,11800
25,11,20260918,AStarClosed,404,38,57,70,14,11100
25,11,20260918,AStarNoClosed,404,38,57,70,14,9100
25,12,20260919,BFS,386,35,114,120,10,12300
25,12,20260919,Dijkstra,386,35,116,122,11,12500
25,12,20260919,AStarClosed,386,35,48,58,11,9300
25,12,20260919,AStarNoClosed,386,35,48,58,11,7600
25,13,20260920,BFS,380,34,120,124,8,12700
25,13,20260920,Dijkstra,380,34,120,124,9,13200
25,13,20260920,AStarClosed,380,34,57,71,15,11000
25,13,20260920,AStarNoClosed,380,34,57,71,15,9100
25,14,20260921,BFS,374,33,86,89,5,10600
25,14,20260921,Dijkstra,374,33,85,88,5,9400
25,14,20260921,AStarClosed,374,33,50,62,13,10000
25,14,20260921,AStarNoClosed,374,33,50,62,13,7900
25,15,20260922,BFS,380,34,91,94,6,10600
25,15,20260922,Dijkstra,380,34,92,94,6,14900
25,15,20260922,AStarClosed,380,34,54,69,16,10700
25,15,20260922,AStarNoClosed,380,34,54,69,16,8500
25,16,20260923,BFS,392,36,126,131,7,12500
25,16,20260923,Dijkstra,392,36,128,133,7,12800
25,16,20260923,AStarClosed,392,36,60,74,15,10900
25,16,20260923,AStarNoClosed,392,36,60,74,15,8600
25,17,20260924,BFS,398,37,103,111,9,10800
25,17,20260924,Dijkstra,398,37,100,108,10,10700
25,17,20260924,AStarClosed,398,37,45,54,10,8900
25,17,20260924,AStarNoClosed,398,37,45,54,10,6700
25,18,20260925,BFS,386,35,117,120,8,11700
25,18,20260925,Dijkstra,386,35,115,118,9,11800
25,18,20260925,AStarClosed,386,35,56,66,11,9700
25,18,20260925,AStarNoClosed,386,35,56,66,11,8100
25,19,20260926,BFS,362,31,88,93,6,10400
25,19,20260926,Dijkstra,362,31,87,92,6,9600
25,19,20260926,AStarClosed,362,31,53,66,14,10000
25,19,20260926,AStarNoClosed,362,31,53,66,14,8300
25,20,20260927,BFS,368,32,93,95,8,10500
25,20,20260927,Dijkstra,368,32,93,95,6,10200
25,20,20260927,AStarClosed,368,32,59,71,15,10400
25,20,20260927,AStarNoClosed,368,32,59,71,15,9000
25,21,20260928,BFS,374,33,146,151,14,14100
25,21,20260928,Dijkstra,374,33,146,151,15,14600
25,21,20260928,AStarClosed,374,33,56,67,12,9900
25,21,20260928,AStarNoClosed,374,33,56,67,12,8500
25,22,20260929,BFS,368,32,102,106,7,14500
25,22,20260929,Dijkstra,368,32,101,105,7,12800
25,22,20260929,AStarClosed,368,32,52,68,17,11000
25,22,20260929,AStarNoClosed,368,32,52,68,17,9200
25,23,20260930,BFS,380,34,115,122,8,14300
25,23,20260930,Dijkstra,380,34,115,121,8,11800
25,23,20260930,AStarClosed,380,34,60,68,14,11000
25,23,20260930,AStarNoClosed,380,34,60,68,14,9000
25,24,20260931,BFS,356,30,95,100,9,11100
25,24,20260931,Dijkstra,356,30,98,102,9,11100
25,24,20260931,AStarClosed,356,30,44,59,16,9600
25,24,20260931,AStarNoClosed,356,30,44,59,16,8200
25,25,20260932,BFS,374,33,105,114,10,12000
25,25,20260932,Dijkstra,374,33,105,112,10,11900
25,25,20260932,AStarClosed,374,33,46,59,14,9400
25,25,20260932,AStarNoClosed,374,33,46,59,14,8000
25,26,20260933,BFS,410,39,122,127,9,13600
25,26,20260933,Dijkstra,410,39,121,127,9,12200
25,26,20260933,AStarClosed,410,39,54,66,13,9900
25,26,20260933,AStarNoClosed,410,39,54,66,13,8400
25,27,20260934,BFS,392,36,136,145,10,14000
25,27,20260934,Dijkstra,392,36,138,147,12,14400
25,27,20260934,AStarClosed,392,36,59,73,15,11200
25,27,20260934,AStarNoClosed,392,36,59,73,15,9400
25,28,20260935,BFS,362,31,83,85,6,10000
25,28,20260935,Dijkstra,362,31,83,85,6,8700
25,28,20260935,AStarClosed,362,31,51,62,12,9800
25,28,20260935,AStarNoClosed,362,31,51,62,12,8200
25,29,20260936,BFS,398,37,104,106,7,11500
25,29,20260936,Dijkstra,398,37,101,105,7,10700
25,29,20260936,AStarClosed,398,37,48,54,7,8600
25,29,20260936,AStarNoClosed,398,37,48,54,7,9200
25,30,20260937,BFS,374,33,87,90,6,10100
25,30,20260937,Dijkstra,374,33,86,89,6,9600
25,30,20260937,AStarClosed,374,33,60,71,12,11000
25,30,20260937,AStarNoClosed,374,33,60,71,12,8900
25,31,20260938,BFS,380,34,112,116,9,12000
25,31,20260938,Dijkstra,380,34,112,116,9,12200
25,31,20260938,AStarClosed,380,34,63,77,15,11100
25,31,20260938,AStarNoClosed,380,34,63,77,15,8900
25,32,20260939,BFS,434,43,102,107,8,11200
25,32,20260939,Dijkstra,434,43,99,104,8,11000
25,32,20260939,AStarClosed,434,43,44,52,9,8600
25,32,20260939,AStarNoClosed,434,43,44,52,9,6700
25,33,20260940,BFS,422,41,94,98,6,11000
25,33,20260940,Dijkstra,422,41,93,97,7,10400
25,33,20260940,AStarClosed,422,41,43,52,10,8500
25,33,20260940,AStarNoClosed,422,41,43,52,10,7000
25,34,20260941,BFS,386,35,99,104,6,11000
25,34,20260941,Dijkstra,386,35,100,105,6,10600
25,34,20260941,AStarClosed,386,35,55,68,14,10300
25,34,20260941,AStarNoClosed,386,35,55,68,14,8900
25,35,20260942,BFS,386,35,112,120,9,12000
25,35,20260942,Dijkstra,386,35,108,114,8,11300
25,35,20260942,AStarClosed,386,35,61,73,14,10400
25,35,20260942,AStarNoClosed,386,35,61,73,14,9000
25,36,20260943,BFS,380,34,106,108,7,11700
25,36,20260943,Dijkstra,380,34,106,108,8,11300
25,36,20260943,AStarClosed,380,34,53,68,16,10400
25,36,20260943,AStarNoClosed,380,34,53,68,16,8600
25,37,20260944,BFS,398,37,107,110,8,11800
25,37,20260944,Dijkstra,398,37,105,108,8,11600
25,37,20260944,AStarClosed,398,37,53,59,8,9400
25,37,20260944,AStarNoClosed,398,37,53,59,8,8000
25,38,20260945,BFS,410,39,98,101,6,11300
25,38,20260945,Dijkstra,410,39,97,101,6,10700
25,38,20260945,AStarClosed,410,39,51,63,13,9700
25,38,20260945,AStarNoClosed,410,39,51,63,13,7600
25,39,20260946,BFS,392,36,151,156,9,15000
25,39,20260946,Dijkstra,392,36,149,154,10,15700
25,39,20260946,AStarClosed,392,36,63,76,14,11300
25,39,20260946,AStarNoClosed,392,36,63,76,14,10200
25,40,20260947,BFS,350,29,79,81,7,10200
25,40,20260947,Dijkstra,350,29,78,80,7,9500
25,40,20260947,AStarClosed,350,29,41,52,13,9000
25,40,20260947,AStarNoClosed,350,29,41,52,13,6800
25,41,20260948,BFS,338,27,137,142,12,13900
25,41,20260948,Dijkstra,338,27,141,144,12,14800
25,41,20260948,AStarClosed,338,27,36,57,22,9400
25,41,20260948,AStarNoClosed,338,27,36,57,22,7400
25,42,20260949,BFS,368,32,80,85,6,10100
25,42,20260949,Dijkstra,368,32,78,82,5,9100
25,42,20260949,AStarClosed,368,32,50,61,13,9700
25,42,20260949,AStarNoClosed,368,32,50,61,13,7800
25,43,20260950,BFS,386,35,108,116,9,11300
25,43,20260950,Dijkstra,386,35,104,112,9,10700
25,43,20260950,AStarClosed,386,35,50,59,10,9300
25,43,20260950,AStarNoClosed,386,35,50,59,10,7400
25,44,20260951,BFS,362,31,117,119,11,14300
25,44,20260951,Dijkstra,362,31,116,119,10,14000
25,44,20260951,AStarClosed,362,31,49,61,13,9500
25,44,20260951,AStarNoClosed,362,31,49,61,13,7700
25,45,20260952,BFS,362,31,120,127,9,12500
25,45,20260952,Dijkstra,362,31,122,129,9,12900
25,45,20260952,AStarClosed,362,31,55,69,15,10100
25,45,20260952,AStarNoClosed,362,31,55,69,15,8400
25,46,20260953,BFS,356,30,115,121,8,12000
25,46,20260953,Dijkstra,356,30,115,122,8,12000
25,46,20260953,AStarClosed,356,30,51,64,14,9600
25,46,20260953,AStarNoClosed,356,30,51,64,14,7800
25,47,20260954,BFS,362,31,120,123,9,12000
25,47,20260954,Dijkstra,362,31,121,124,8,11900
25,47,20260954,AStarClosed,362,31,55,66,12,9600
25,47,20260954,AStarNoClosed,362,31,55,66,12,8200
25,48,20260955,BFS,386,35,148,157,11,14200
25,48,20260955,Dijkstra,386,35,148,159,12,14900
25,48,20260955,AStarClosed,386,35,61,73,13,10300
25,48,20260955,AStarNoClosed,386,35,61,73,13,9100
25,49,20260956,BFS,368,32,99,104,7,11600
25,49,20260956,Dijkstra,368,32,101,106,7,11100
25,49,20260956,AStarClosed,368,32,54,66,13,10300
25,49,20260956,AStarNoClosed,368,32,54,66,13,8200
25,50,20260957,BFS,362,31,74,76,6,9200
25,50,20260957,Dijkstra,362,31,74,76,5,7900
25,50,20260957,AStarClosed,362,31,50,62,13,8700
25,50,20260957,AStarNoClosed,362,31,50,62,13,7300
25,51,20260958,BFS,374,33,106,111,7,11600
25,51,20260958,Dijkstra,374,33,103,108,6,10800
25,51,20260958,AStarClosed,374,33,53,63,11,10000
25,51,20260958,AStarNoClosed,374,33,53,63,11,8600
25,52,20260959,BFS,344,28,86,88,9,10300
25,52,20260959,Dijkstra,344,28,86,88,8,10000
25,52,20260959,AStarClosed,344,28,45,58,14,9100
25,52,20260959,AStarNoClosed,344,28,45,58,14,7400
25,53,20260960,BFS,398,37,153,158,11,14400
25,53,20260960,Dijkstra,398,37,151,156,12,16800
25,53,20260960,AStarClosed,398,37,54,70,17,9900
25,53,20260960,AStarNoClosed,398,37,54,70,17,8900
25,54,20260961,BFS,380,34,112,115,8,12000
25,54,20260961,Dijkstra,380,34,111,114,8,11800
25,54,20260961,AStarClosed,380,34,48,62,17,9200
25,54,20260961,AStarNoClosed,380,34,48,62,17,7900
25,55,20260962,BFS,368,32,106,111,8,11800
25,55,20260962,Dijkstra,368,32,103,107,7,11300
25,55,20260962,AStarClosed,368,32,62,73,12,11000
25,55,20260962,AStarNoClosed,368,32,62,73,12,9100
25,56,20260963,BFS,380,34,96,99,10,11100
25,56,20260963,Dijkstra,380,34,96,99,10,10600
25,56,20260963,AStarClosed,380,34,53,61,9,9100
25,56,20260963,AStarNoClosed,380,34,53,61,9,7900
25,57,20260964,BFS,392,36,147,150,10,14300
25,57,20260964,Dijkstra,392,36,144,149,11,14100
25,57,20260964,AStarClosed,392,36,60,71,12,10200
25,57,20260964,AStarNoClosed,392,36,60,71,12,9100
25,58,20260965,BFS,374,33,113,120,9,12300
25,58,20260965,Dijkstra,374,33,113,120,9,12300
25,58,20260965,AStarClosed,374,33,47,54,8,9000
25,58,20260965,AStarNoClosed,374,33,47,54,8,9100
25,59,20260966,BFS,374,33,165,167,16,16700
25,59,20260966,Dijkstra,374,33,164,166,16,17000
25,59,20260966,AStarClosed,374,33,54,68,15,9800
25,59,20260966,AStarNoClosed,374,33,54,68,15,8300
25,60,20260967,BFS,386,35,102,108,8,11400
25,60,20260967,Dijkstra,386,35,93,99,8,10400
25,60,20260967,AStarClosed,386,35,47,57,11,9000
25,60,20260967,AStarNoClosed,386,35,47,57,11,7500
25,61,20260968,BFS,374,33,123,130,9,12900
25,61,20260968,Dijkstra,374,33,123,131,10,13300
25,61,20260968,AStarClosed,374,33,57,70,14,10200
25,61,20260968,AStarNoClosed,374,33,57,70,14,9000
25,62,20260969,BFS,374,33,75,79,5,9500
25,62,20260969,Dijkstra,374,33,76,79,5,8900
25,62,20260969,AStarClosed,374,33,51,60,10,9100
25,62,20260969,AStarNoClosed,374,33,51,60,10,7900
25,63,20260970,BFS,380,34,121,127,9,12400
25,63,20260970,Dijkstra,380,34,118,125,10,12500
25,63,20260970,AStarClosed,380,34,54,69,16,9800
25,63,20260970,AStarNoClosed,380,34,54,69,16,8100
25,64,20260971,BFS,374,33,102,104,7,11400
25,64,20260971,Dijkstra,374,33,103,105,7,11300
25,64,20260971,AStarClosed,374,33,47,61,15,9400
25,64,20260971,AStarNoClosed,374,33,47,61,15,7700
25,65,20260972,BFS,374,33,91,96,6,10600
25,65,20260972,Dijkstra,374,33,89,93,6,9700
25,65,20260972,AStarClosed,374,33,49,59,11,9100
25,65,20260972,AStarNoClosed,374,33,49,59,11,7500
25,66,20260973,BFS,374,33,94,100,7,11500
25,66,20260973,Dijkstra,374,33,97,101,7,10700
25,66,20260973,AStarClosed,374,33,51,64,14,10300
25,66,20260973,AStarNoClosed,374,33,51,64,14,8400
25,67,20260974,BFS,344,28,86,88,6,10300
25,67,20260974,Dijkstra,344,28,86,88,5,9900
25,67,20260974,AStarClosed,344,28,48,61,14,9600
25,67,20260974,AStarNoClosed,344,28,48,61,14,8400
25,68,20260975,BFS,398,37,88,90,6,10300
25,68,20260975,Dijkstra,398,37,88,90,6,9600
25,68,20260975,AStarClosed,398,37,48,58,11,9200
25,68,20260975,AStarNoClosed,398,37,48,58,11,7700
25,69,20260976,BFS,374,33,82,87,6,10000
25,69,20260976,Dijkstra,374,33,84,90,7,9800
25,69,20260976,AStarClosed,374,33,44,57,14,9300
25,69,20260976,AStarNoClosed,374,33,44,57,14,7600
25,70,20260977,BFS,374,33,111,114,8,11800
25,70,20260977,Dijkstra,374,33,113,115,8,11800
25,70,20260977,AStarClosed,374,33,56,68,13,10100
25,70,20260977,AStarNoClosed,374,33,56,68,13,8100
25,71,20260978,BFS,398,37,99,101,9,10800
25,71,20260978,Dijkstra,398,37,96,99,8,10700
25,71,20260978,AStarClosed,398,37,44,55,12,8800
25,71,20260978,AStarNoClosed,398,37,44,55,12,6700
25,72,20260979,BFS,398,37,111,116,7,12200
25,72,20260979,Dijkstra,398,37,107,112,8,11600
25,72,20260979,AStarClosed,398,37,51,59,9,9400
25,72,20260979,AStarNoClosed,398,37,51,59,9,7500
25,73,20260980,BFS,374,33,120,124,9,13100
25,73,20260980,Dijkstra,374,33,118,121,8,13600
25,73,20260980,AStarClosed,374,33,58,73,16,10600
25,73,20260980,AStarNoClosed,374,33,58,73,16,9000
25,74,20260981,BFS,410,39,98,101,8,11100
25,74,20260981,Dijkstra,410,39,98,101,8,10600
25,74,20260981,AStarClosed,410,39,49,57,9,9200
25,74,20260981,AStarNoClosed,410,39,49,57,9,7200
25,75,20260982,BFS,362,31,85,87,7,10500
25,75,20260982,Dijkstra,362,31,85,87,6,9600
25,75,20260982,AStarClosed,362,31,53,66,14,9900
25,75,20260982,AStarNoClosed,362,31,53,66,14,8500
25,76,20260983,BFS,392,36,124,126,8,12400
25,76,20260983,Dijkstra,392,36,124,126,7,12600
25,76,20260983,AStarClosed,392,36,56,67,12,10500
25,76,20260983,AStarNoClosed,392,36,56,67,12,8600
25,77,20260984,BFS,356,30,77,80,5,9900
25,77,20260984,Dijkstra,356,30,77,80,5,9000
25,77,20260984,AStarClosed,356,30,47,56,10,9400
25,77,20260984,AStarNoClosed,356,30,47,56,10,7600
25,78,20260985,BFS,380,34,102,106,6,11600
25,78,20260985,Dijkstra,380,34,104,108,6,11000
25,78,20260985,AStarClosed,380,34,61,76,16,10800
25,78,20260985,AStarNoClosed,380,34,61,76,16,9100
25,79,20260986,BFS,368,32,116,123,11,12300
25,79,20260986,Dijkstra,368,32,116,123,11,12600
25,79,20260986,AStarClosed,368,32,55,64,11,9900
25,79,20260986,AStarNoClosed,368,32,55,64,11,8200
25,80,20260987,BFS,362,31,107,114,8,11700
25,80,20260987,Dijkstra,362,31,104,109,7,11400
25,80,20260987,AStarClosed,362,31,49,65,17,9900
25,80,20260987,AStarNoClosed,362,31,49,65,17,8400
25,81,20260988,BFS,386,35,126,129,7,13100
25,81,20260988,Dijkstra,386,35,127,130,8,13300
25,81,20260988,AStarClosed,386,35,62,75,15,11100
25,81,20260988,AStarNoClosed,386,35,62,75,15,9700
25,82,20260989,BFS,368,32,145,147,9,14300
25,82,20260989,Dijkstra,368,32,144,147,10,14500
25,82,20260989,AStarClosed,368,32,64,80,17,11200
25,82,20260989,AStarNoClosed,368,32,64,80,17,9600
25,83,20260990,BFS,380,34,147,153,13,14400
25,83,20260990,Dijkstra,380,34,140,147,13,14600
25,83,20260990,AStarClosed,380,34,61,77,17,10400
25,83,20260990,AStarNoClosed,380,34,61,77,17,8800
25,84,20260991,BFS,386,35,88,91,6,10900
25,84,20260991,Dijkstra,386,35,88,91,6,9800
25,84,20260991,AStarClosed,386,35,52,68,17,11700
25,84,20260991,AStarNoClosed,386,35,52,68,17,8600
25,85,20260992,BFS,386,35,86,89,6,10500
25,85,20260992,Dijkstra,386,35,85,88,7,9900
25,85,20260992,AStarClosed,386,35,56,67,12,10200
25,85,20260992,AStarNoClosed,386,35,56,67,12,8700
25,86,20260993,BFS,350,29,108,112,8,11900
25,86,20260993,Dijkstra,350,29,109,113,8,11800
25,86,20260993,AStarClosed,350,29,50,63,14,9700
25,86,20260993,AStarNoClosed,350,29,50,63,14,8400
25,87,20260994,BFS,386,35,107,112,6,12100
25,87,20260994,Dijkstra,386,35,105,110,6,11500
25,87,20260994,AStarClosed,386,35,56,65,10,10400
25,87,20260994,AStarNoClosed,386,35,56,65,10,10500
25,88,20260995,BFS,350,29,98,101,8,13000
25,88,20260995,Dijkstra,350,29,98,101,8,11200
25,88,20260995,AStarClosed,350,29,49,64,18,10400
25,88,20260995,AStarNoClosed,350,29,49,64,18,8900
25,89,20260996,BFS,356,30,89,97,9,10200
25,89,20260996,Dijkstra,356,30,91,98,9,10200
25,89,20260996,AStarClosed,356,30,55,66,12,9900
25,89,20260996,AStarNoClosed,356,30,55,66,12,8100
25,90,20260997,BFS,368,32,97,101,6,10700
25,90,20260997,Dijkstra,368,32,95,99,8,10400
25,90,20260997,AStarClosed,368,32,52,64,14,10200
25,90,20260997,AStarNoClosed,368,32,52,64,14,8500
25,91,20260998,BFS,386,35,116,122,9,12600
25,91,20260998,Dijkstra,386,35,112,119,8,11800
25,91,20260998,AStarClosed,386,35,52,65,14,9700
25,91,20260998,AStarNoClosed,386,35,52,65,14,8600
25,92,20260999,BFS,386,35,133,141,10,13800
25,92,20260999,Dijkstra,386,35,132,140,11,14100
25,92,20260999,AStarClosed,386,35,56,70,15,10500
25,92,20260999,AStarNoClosed,386,35,56,70,15,8700
25,93,20261000,BFS,410,39,83,84,5,10200
25,93,20261000,Dijkstra,410,39,83,84,5,9300
25,93,20261000,AStarClosed,410,39,44,55,12,8500
25,93,20261000,AStarNoClosed,410,39,44,55,12,7000
25,94,20261001,BFS,398,37,140,145,9,14300
25,94,20261001,Dijkstra,398,37,138,144,9,14300
25,94,20261001,AStarClosed,398,37,60,73,14,10900
25,94,20261001,AStarNoClosed,398,37,60,73,14,9200
25,95,20261002,BFS,386,35,125,130,9,13200
25,95,20261002,Dijkstra,386,35,124,128,8,13300
25,95,20261002,AStarClosed,386,35,62,76,15,11100
25,95,20261002,AStarNoClosed,386,35,62,76,15,9800
25,96,20261003,BFS,374,33,102,107,7,11700
25,96,20261003,Dijkstra,374,33,101,105,6,10600
25,96,20261003,AStarClosed,374,33,53,68,16,9900
25,96,20261003,AStarNoClosed,374,33,53,68,16,8100
25,97,20261004,BFS,368,32,99,104,7,11000
25,97,20261004,Dijkstra,368,32,99,104,7,10300
25,97,20261004,AStarClosed,368,32,58,72,15,10500
25,97,20261004,AStarNoClosed,368,32,58,72,15,9100
25,98,20261005,BFS,398,37,104,112,9,11400
25,98,20261005,Dijkstra,398,37,103,111,9,11400
25,98,20261005,AStarClosed,398,37,45,58,14,9000
25,98,20261005,AStarNoClosed,398,37,45,58,14,9500
25,99,20261006,BFS,398,37,153,160,10,14600
25,99,20261006,Dijkstra,398,37,151,158,10,15300
25,99,20261006,AStarClosed,398,37,57,69,13,10000
25,99,20261006,AStarNoClosed,398,37,57,69,13,8900
25,100,20261007,BFS,374,33,97,103,8,11100
25,100,20261007,Dijkstra,374,33,94,100,10,11000
25,100,20261007,AStarClosed,374,33,42,54,13,8500
25,100,20261007,AStarNoClosed,374,33,42,54,13,7200
25,101,20261008,BFS,374,33,98,104,9,11000
25,101,20261008,Dijkstra,374,33,97,104,10,11000
25,101,20261008,AStarClosed,374,33,60,72,13,10800
25,101,20261008,AStarNoClosed,374,33,60,72,13,9100
25,102,20261009,BFS,374,33,151,159,13,15000
25,102,20261009,Dijkstra,374,33,148,158,13,17100
25,102,20261009,AStarClosed,374,33,54,64,11,10700
25,102,20261009,AStarNoClosed,374,33,54,64,11,8800
25,103,20261010,BFS,374,33,130,138,10,13500
25,103,20261010,Dijkstra,374,33,126,135,10,13800
25,103,20261010,AStarClosed,374,33,57,67,11,10400
25,103,20261010,AStarNoClosed,374,33,57,67,11,7800
25,104,20261011,BFS,398,37,111,113,7,11900
25,104,20261011,Dijkstra,398,37,111,113,8,11700
25,104,20261011,AStarClosed,398,37,55,69,15,10500
25,104,20261011,AStarNoClosed,398,37,55,69,15,8900
25,105,20261012,BFS,386,35,94,99,6,11200
25,105,20261012,Dijkstra,386,35,95,100,7,10200
25,105,20261012,AStarClosed,386,35,43,56,14,8900
25,105,20261012,AStarNoClosed,386,35,43,56,14,7100
25,106,20261013,BFS,386,35,118,122,10,12400
25,106,20261013,Dijkstra,386,35,118,122,10,12500
25,106,20261013,AStarClosed,386,35,53,62,10,9900
25,106,20261013,AStarNoClosed,386,35,53,62,10,8300
25,107,20261014,BFS,392,36,91,93,9,10800
25,107,20261014,Dijkstra,392,36,90,92,9,9700
25,107,20261014,AStarClosed,392,36,52,67,16,10100
25,107,20261014,AStarNoClosed,392,36,52,67,16,7900
25,108,20261015,BFS,368,32,105,107,8,11600
25,108,20261015,Dijkstra,368,32,104,106,8,11600
25,108,20261015,AStarClosed,368,32,48,60,13,9900
25,108,20261015,AStarNoClosed,368,32,48,60,13,8200
25,109,20261016,BFS,368,32,103,108,7,11900
25,109,20261016,Dijkstra,368,32,102,107,7,11600
25,109,20261016,AStarClosed,368,32,56,69,15,11100
25,109,20261016,AStarNoClosed,368,32,56,69,15,9500
25,110,20261017,BFS,374,33,110,115,8,13400
25,110,20261017,Dijkstra,374,33,109,114,8,12100
25,110,20261017,AStarClosed,374,33,46,59,14,9800
25,110,20261017,AStarNoClosed,374,33,46,59,14,7700
25,111,20261018,BFS,368,32,108,112,8,13600
25,111,20261018,Dijkstra,368,32,109,113,7,12200
25,111,20261018,AStarClosed,368,32,55,71,17,10400
25,111,20261018,AStarNoClosed,368,32,55,71,17,8900
25,112,20261019,BFS,368,32,130,137,10,13800
25,112,20261019,Dijkstra,368,32,130,137,9,13600
25,112,20261019,AStarClosed,368,32,52,66,15,10600
25,112,20261019,AStarNoClosed,368,32,52,66,15,8400
25,113,20261020,BFS,392,36,85,87,5,10800
25,113,20261020,Dijkstra,392,36,84,87,5,9500
25,113,20261020,AStarClosed,392,36,64,72,9,12500
25,113,20261020,AStarNoClosed,392,36,64,72,9,9500
25,114,20261021,BFS,386,35,90,94,6,10400
25,114,20261021,Dijkstra,386,35,91,95,7,10200
25,114,20261021,AStarClosed,386,35,54,66,13,10200
25,114,20261021,AStarNoClosed,386,35,54,66,13,8200
25,115,20261022,BFS,386,35,108,116,9,12100
25,115,20261022,Dijkstra,386,35,105,112,8,11300
25,115,20261022,AStarClosed,386,35,55,67,13,10400
25,115,20261022,AStarNoClosed,386,35,55,67,13,8600
25,116,20261023,BFS,404,38,120,128,9,13000
25,116,20261023,Dijkstra,404,38,115,121,8,12400
25,116,20261023,AStarClosed,404,38,58,69,12,10900
25,116,20261023,AStarNoClosed,404,38,58,69,12,10600
25,117,20261024,BFS,368,32,126,135,11,13200
25,117,20261024,Dijkstra,368,32,122,131,10,12600
25,117,20261024,AStarClosed,368,32,51,61,11,10100
25,117,20261024,AStarNoClosed,368,32,51,61,11,8000
25,118,20261025,BFS,368,32,91,96,7,10900
25,118,20261025,Dijkstra,368,32,88,93,7,10000
25,118,20261025,AStarClosed,368,32,52,64,13,10300
25,118,20261025,AStarNoClosed,368,32,52,64,13,8600
25,119,20261026,BFS,386,35,104,111,10,11500
25,119,20261026,Dijkstra,386,35,102,109,10,11500
25,119,20261026,AStarClosed,386,35,54,64,11,9900
25,119,20261026,AStarNoClosed,386,35,54,64,11,8500
25,120,20261027,BFS,392,36,128,135,10,13000
25,120,20261027,Dijkstra,392,36,125,131,9,15000
25,120,20261027,AStarClosed,392,36,54,63,10,10000
25,120,20261027,AStarNoClosed,392,36,54,63,10,8600
25,121,20261028,BFS,380,34,90,98,9,10200
25,121,20261028,Dijkstra,380,34,88,96,9,10000
25,121,20261028,AStarClosed,380,34,54,60,8,10000
25,121,20261028,AStarNoClosed,380,34,54,60,8,8100
25,122,20261029,BFS,392,36,127,134,9,13200
25,122,20261029,Dijkstra,392,36,124,131,9,12900
25,122,20261029,AStarClosed,392,36,59,75,17,11300
25,122,20261029,AStarNoClosed,392,36,59,75,17,9300
25,123,20261030,BFS,398,37,153,159,11,15100
25,123,20261030,Dijkstra,398,37,150,156,11,15900
25,123,20261030,AStarClosed,398,37,62,76,15,11300
25,123,20261030,AStarNoClosed,398,37,62,76,15,9400
25,124,20261031,BFS,350,29,66,73,8,8800
25,124,20261031,Dijkstra,350,29,68,74,8,8100
25,124,20261031,AStarClosed,350,29,46,54,9,8300
25,124,20261031,AStarNoClosed,350,29,46,54,9,7200
25,125,20261032,BFS,392,36,94,100,8,10800
25,125,20261032,Dijkstra,392,36,93,100,8,10400
25,125,20261032,AStarClosed,392,36,55,67,13,10100
25,125,20261032,AStarNoClosed,392,36,55,67,13,7800
25,126,20261033,BFS,374,33,90,92,5,10500
25,126,20261033,Dijkstra,374,33,90,92,6,9800
25,126,20261033,AStarClosed,374,33,51,60,10,9000
25,126,20261033,AStarNoClosed,374,33,51,60,10,7800
25,127,20261034,BFS,398,37,114,121,9,12200
25,127,20261034,Dijkstra,398,37,112,119,9,11900
25,127,20261034,AStarClosed,398,37,44,54,11,8800
25,127,20261034,AStarNoClosed,398,37,44,54,11,7100
25,128,20261035,BFS,380,34,89,93,7,10300
25,128,20261035,Dijkstra,380,34,91,93,7,10000
25,128,20261035,AStarClosed,380,34,52,63,12,10000
25,128,20261035,AStarNoClosed,380,34,52,63,12,8100
25,129,20261036,BFS,368,32,127,130,9,14600
25,129,20261036,Dijkstra,368,32,126,129,8,16100
25,129,20261036,AStarClosed,368,32,56,67,12,10500
25,129,20261036,AStarNoClosed,368,32,56,67,12,8400
25,130,20261037,BFS,410,39,74,77,5,9700
25,130,20261037,Dijkstra,410,39,74,77,5,8600
25,130,20261037,AStarClosed,410,39,47,54,8,8600
25,130,20261037,AStarNoClosed,410,39,47,54,8,6900
25,131,20261038,BFS,410,39,130,137,9,14100
25,131,20261038,Dijkstra,410,39,126,134,9,15200
25,131,20261038,AStarClosed,410,39,59,71,13,10700
25,131,20261038,AStarNoClosed,410,39,59,71,13,8500
25,132,20261039,BFS,386,35,118,122,7,12900
25,132,20261039,Dijkstra,386,35,115,119,7,12300
25,132,20261039,AStarClosed,386,35,63,78,16,11100
25,132,20261039,AStarNoClosed,386,35,63,78,16,9600
25,133,20261040,BFS,368,32,112,118,8,12900
25,133,20261040,Dijkstra,368,32,107,114,8,11800
25,133,20261040,AStarClosed,368,32,60,70,11,10800
25,133,20261040,AStarNoClosed,368,32,60,70,11,9200
25,134,20261041,BFS,398,37,105,115,12,12200
25,134,20261041,Dijkstra,398,37,102,112,11,11300
25,134,20261041,AStarClosed,398,37,48,59,12,8900
25,134,20261041,AStarNoClosed,398,37,48,59,12,7400
25,135,20261042,BFS,386,35,112,118,9,11700
25,135,20261042,Dijkstra,386,35,108,115,11,11800
25,135,20261042,AStarClosed,386,35,53,64,12,9400
25,135,20261042,AStarNoClosed,386,35,53,64,12,7900
25,136,20261043,BFS,368,32,88,92,6,10300
25,136,20261043,Dijkstra,368,32,87,90,5,9900
25,136,20261043,AStarClosed,368,32,51,63,13,9800
25,136,20261043,AStarNoClosed,368,32,51,63,13,7900
25,137,20261044,BFS,374,33,109,114,7,12100
25,137,20261044,Dijkstra,374,33,108,113,7,11700
25,137,20261044,AStarClosed,374,33,55,66,12,10100
25,137,20261044,AStarNoClosed,374,33,55,66,12,8500
25,138,20261045,BFS,386,35,94,98,6,10600
25,138,20261045,Dijkstra,386,35,92,95,6,10300
25,138,20261045,AStarClosed,386,35,54,64,11,9800
25,138,20261045,AStarNoClosed,386,35,54,64,11,8300
25,139,20261046,BFS,374,33,117,124,8,12700
25,139,20261046,Dijkstra,374,33,119,125,8,12800
25,139,20261046,AStarClosed,374,33,50,65,16,9800
25,139,20261046,AStarNoClosed,374,33,50,65,16,8400
25,140,20261047,BFS,362,31,115,121,10,12200
25,140,20261047,Dijkstra,362,31,114,121,11,12700
25,140,20261047,AStarClosed,362,31,52,61,10,9700
25,140,20261047,AStarNoClosed,362,31,52,61,10,8300
25,141,20261048,BFS,380,34,97,102,7,11100
25,141,20261048,Dijkstra,380,34,94,100,7,10400
25,141,20261048,AStarClosed,380,34,51,61,11,9500
25,141,20261048,AStarNoClosed,380,34,51,61,11,7900
25,142,20261049,BFS,380,34,150,158,10,14700
25,142,20261049,Dijkstra,380,34,151,159,10,15800
25,142,20261049,AStarClosed,380,34,48,65,18,9700
25,142,20261049,AStarNoClosed,380,34,48,65,18,8300
25,143,20261050,BFS,368,32,118,122,7,12700
25,143,20261050,Dijkstra,368,32,115,120,7,12400
25,143,20261050,AStarClosed,368,32,50,62,13,9700
25,143,20261050,AStarNoClosed,368,32,50,62,13,8100
25,144,20261051,BFS,386,35,117,121,8,13900
25,144,20261051,Dijkstra,386,35,117,121,8,10100
25,144,20261051,AStarClosed,386,35,59,72,14,7700
25,144,20261051,AStarNoClosed,386,35,59,72,14,6700
25,145,20261052,BFS,392,36,114,117,7,9500
25,145,20261052,Dijkstra,392,36,113,116,7,9800
25,145,20261052,AStarClosed,392,36,58,72,15,7500
25,145,20261052,AStarNoClosed,392,36,58,72,15,7600
25,146,20261053,BFS,374,33,99,104,6,8600
25,146,20261053,Dijkstra,374,33,99,104,6,8800
25,146,20261053,AStarClosed,374,33,53,69,17,7300
25,146,20261053,AStarNoClosed,374,33,53,69,17,6100
25,147,20261054,BFS,386,35,79,83,7,7200
25,147,20261054,Dijkstra,386,35,78,82,7,7200
25,147,20261054,AStarClosed,386,35,47,57,11,6300
25,147,20261054,AStarNoClosed,386,35,47,57,11,5400
25,148,20261055,BFS,374,33,127,138,12,10100
25,148,20261055,Dijkstra,374,33,122,132,11,10600
25,148,20261055,AStarClosed,374,33,63,78,16,7700
25,148,20261055,AStarNoClosed,374,33,63,78,16,6900
25,149,20261056,BFS,380,34,79,84,7,7100
25,149,20261056,Dijkstra,380,34,80,86,7,7100
25,149,20261056,AStarClosed,380,34,52,59,9,6600
25,149,20261056,AStarNoClosed,380,34,52,59,9,5600
25,150,20261057,BFS,386,35,96,98,8,8300
25,150,20261057,Dijkstra,386,35,96,98,8,8600
25,150,20261057,AStarClosed,386,35,54,65,12,6900
25,150,20261057,AStarNoClosed,386,35,54,65,12,5900
25,151,20261058,BFS,392,36,82,86,5,7300
25,151,20261058,Dijkstra,392,36,81,85,5,7100
25,151,20261058,AStarClosed,392,36,54,63,10,7100
25,151,20261058,AStarNoClosed,392,36,54,63,10,6200
25,152,20261059,BFS,398,37,93,97,6,8000
25,152,20261059,Dijkstra,398,37,91,95,6,7700
25,152,20261059,AStarClosed,398,37,43,55,13,5700
25,152,20261059,AStarNoClosed,398,37,43,55,13,4900
25,153,20261060,BFS,422,41,82,84,5,7900
25,153,20261060,Dijkstra,422,41,81,84,6,7000
25,153,20261060,AStarClosed,422,41,43,52,10,5800
25,153,20261060,AStarNoClosed,422,41,43,52,10,4800
25,154,20261061,BFS,386,35,150,153,10,11500
25,154,20261061,Dijkstra,386,35,150,153,10,12700
25,154,20261061,AStarClosed,386,35,60,76,17,7600
25,154,20261061,AStarNoClosed,386,35,60,76,17,6900
25,155,20261062,BFS,362,31,84,87,7,7500
25,155,20261062,Dijkstra,362,31,83,86,6,7300
25,155,20261062,AStarClosed,362,31,49,62,15,6800
25,155,20261062,AStarNoClosed,362,31,49,62,15,5800
25,156,20261063,BFS,374,33,126,134,10,10300
25,156,20261063,Dijkstra,374,33,128,134,9,10600
25,156,20261063,AStarClosed,374,33,56,68,15,7400
25,156,20261063,AStarNoClosed,374,33,56,68,15,6400
25,157,20261064,BFS,374,33,142,150,10,11000
25,157,20261064,Dijkstra,374,33,148,153,11,12200
25,157,20261064,AStarClosed,374,33,53,72,20,7400
25,157,20261064,AStarNoClosed,374,33,53,72,20,6300
25,158,20261065,BFS,386,35,121,127,8,9800
25,158,20261065,Dijkstra,386,35,121,127,8,10400
25,158,20261065,AStarClosed,386,35,50,61,12,6800
25,158,20261065,AStarNoClosed,386,35,50,61,12,5800
25,159,20261066,BFS,380,34,107,112,7,8900
25,159,20261066,Dijkstra,380,34,108,113,7,9200
25,159,20261066,AStarClosed,380,34,53,66,14,6800
25,159,20261066,AStarNoClosed,380,34,53,66,14,5800
25,160,20261067,BFS,422,41,98,100,8,8200
25,160,20261067,Dijkstra,422,41,98,100,8,9300
25,160,20261067,AStarClosed,422,41,44,54,11,5800
25,160,20261067,AStarNoClosed,422,41,44,54,11,4700
25,161,20261068,BFS,398,37,130,139,13,10400
25,161,20261068,Dijkstra,398,37,129,138,13,11100
25,161,20261068,AStarClosed,398,37,57,67,11,7300
25,161,20261068,AStarNoClosed,398,37,57,67,11,6300
25,162,20261069,BFS,410,39,151,158,9,11500
25,162,20261069,Dijkstra,410,39,147,154,10,12000
25,162,20261069,AStarClosed,410,39,61,73,13,7400
25,162,20261069,AStarNoClosed,410,39,61,73,13,6500
25,163,20261070,BFS,368,32,86,89,6,7600
25,163,20261070,Dijkstra,368,32,86,89,6,7600
25,163,20261070,AStarClosed,368,32,46,60,15,6500
25,163,20261070,AStarNoClosed,368,32,46,60,15,5500
25,164,20261071,BFS,368,32,116,122,9,9500
25,164,20261071,Dijkstra,368,32,117,122,9,10000
25,164,20261071,AStarClosed,368,32,51,68,18,7100
25,164,20261071,AStarNoClosed,368,32,51,68,18,6200
25,165,20261072,BFS,368,32,94,97,6,8100
25,165,20261072,Dijkstra,368,32,94,97,6,8300
25,165,20261072,AStarClosed,368,32,49,61,13,7400
25,165,20261072,AStarNoClosed,368,32,49,61,13,5600
25,166,20261073,BFS,374,33,96,99,7,8400
25,166,20261073,Dijkstra,374,33,96,99,7,9800
25,166,20261073,AStarClosed,374,33,56,66,11,7800
25,166,20261073,AStarNoClosed,374,33,56,66,11,6700
25,167,20261074,BFS,398,37,125,128,9,11600
25,167,20261074,Dijkstra,398,37,126,129,10,11500
25,167,20261074,AStarClosed,398,37,51,64,14,9300
25,167,20261074,AStarNoClosed,398,37,51,64,14,6800
25,168,20261075,BFS,386,35,133,141,12,12000
25,168,20261075,Dijkstra,386,35,128,136,10,12200
25,168,20261075,AStarClosed,386,35,53,67,15,9100
25,168,20261075,AStarNoClosed,386,35,53,67,15,7700
25,169,20261076,BFS,386,35,128,134,9,11900
25,169,20261076,Dijkstra,386,35,128,135,9,12500
25,169,20261076,AStarClosed,386,35,61,75,15,11200
25,169,20261076,AStarNoClosed,386,35,61,75,15,9100
25,170,20261077,BFS,392,36,132,134,8,13400
25,170,20261077,Dijkstra,392,36,130,133,9,13700
25,170,20261077,AStarClosed,392,36,62,74,13,11400
25,170,20261077,AStarNoClosed,392,36,62,74,13,9200
25,171,20261078,BFS,398,37,155,161,10,15000
25,171,20261078,Dijkstra,398,37,152,158,10,15600
25,171,20261078,AStarClosed,398,37,54,66,13,10400
25,171,20261078,AStarNoClosed,398,37,54,66,13,8400
25,172,20261079,BFS,386,35,89,93,7,8200
25,172,20261079,Dijkstra,386,35,89,93,7,8100
25,172,20261079,AStarClosed,386,35,61,71,11,8000
25,172,20261079,AStarNoClosed,386,35,61,71,11,6600
25,173,20261080,BFS,380,34,92,100,9,8100
25,173,20261080,Dijkstra,380,34,92,100,9,8400
25,173,20261080,AStarClosed,380,34,53,64,12,7100
25,173,20261080,AStarNoClosed,380,34,53,64,12,5800
25,174,20261081,BFS,398,37,99,103,7,8200
25,174,20261081,Dijkstra,398,37,97,102,7,8200
25,174,20261081,AStarClosed,398,37,53,65,13,6900
25,174,20261081,AStarNoClosed,398,37,53,65,13,6900
25,175,20261082,BFS,362,31,123,128,8,11100
25,175,20261082,Dijkstra,362,31,123,128,9,10800
25,175,20261082,AStarClosed,362,31,53,68,16,7700
25,175,20261082,AStarNoClosed,362,31,53,68,16,6400
25,176,20261083,BFS,404,38,146,156,13,11300
25,176,20261083,Dijkstra,404,38,140,152,13,12100
25,176,20261083,AStarClosed,404,38,55,68,14,7200
25,176,20261083,AStarNoClosed,404,38,55,68,14,6200
25,177,20261084,BFS,368,32,94,96,8,8300
25,177,20261084,Dijkstra,368,32,94,96,8,8400
25,177,20261084,AStarClosed,368,32,44,59,16,6400
25,177,20261084,AStarNoClosed,368,32,44,59,16,5400
25,178,20261085,BFS,374,33,101,107,8,8700
25,178,20261085,Dijkstra,374,33,99,104,8,8900
25,178,20261085,AStarClosed,374,33,57,66,11,7600
25,178,20261085,AStarNoClosed,374,33,57,66,11,6500
25,179,20261086,BFS,410,39,130,135,9,10300
25,179,20261086,Dijkstra,410,39,129,134,9,10900
25,179,20261086,AStarClosed,410,39,55,64,10,7300
25,179,20261086,AStarNoClosed,410,39,55,64,10,6200
25,180,20261087,BFS,374,33,140,144,12,10700
25,180,20261087,Dijkstra,374,33,137,141,13,11500
25,180,20261087,AStarClosed,374,33,61,77,17,7800
25,180,20261087,AStarNoClosed,374,33,61,77,17,6600
25,181,20261088,BFS,374,33,91,93,6,9900
25,181,20261088,Dijkstra,374,33,91,93,6,8100
25,181,20261088,AStarClosed,374,33,50,61,12,6800
25,181,20261088,AStarNoClosed,374,33,50,61,12,5600
25,182,20261089,BFS,398,37,123,128,8,11000
25,182,20261089,Dijkstra,398,37,120,124,8,10400
25,182,20261089,AStarClosed,398,37,56,67,12,7200
25,182,20261089,AStarNoClosed,398,37,56,67,12,6200
25,183,20261090,BFS,368,32,76,80,5,7100
25,183,20261090,Dijkstra,368,32,75,78,5,6700
25,183,20261090,AStarClosed,368,32,51,62,12,6800
25,183,20261090,AStarNoClosed,368,32,51,62,12,5800
25,184,20261091,BFS,398,37,123,124,6,9700
25,184,20261091,Dijkstra,398,37,123,124,7,11600
25,184,20261091,AStarClosed,398,37,57,73,17,7500
25,184,20261091,AStarNoClosed,398,37,57,73,17,6500
25,185,20261092,BFS,386,35,114,117,7,9300
25,185,20261092,Dijkstra,386,35,113,116,7,9500
25,185,20261092,AStarClosed,386,35,52,62,11,6700
25,185,20261092,AStarNoClosed,386,35,52,62,11,5600
25,186,20261093,BFS,374,33,98,105,8,8300
25,186,20261093,Dijkstra,374,33,96,101,7,8500
25,186,20261093,AStarClosed,374,33,56,65,10,7200
25,186,20261093,AStarNoClosed,374,33,56,65,10,6600
25,187,20261094,BFS,380,34,90,93,6,7900
25,187,20261094,Dijkstra,380,34,90,93,6,7800
25,187,20261094,AStarClosed,380,34,51,66,16,6900
25,187,20261094,AStarNoClosed,380,34,51,66,16,7300
25,188,20261095,BFS,368,32,91,96,8,7700
25,188,20261095,Dijkstra,368,32,91,96,8,7900
25,188,20261095,AStarClosed,368,32,46,58,13,6200
25,188,20261095,AStarNoClosed,368,32,46,58,13,5300
25,189,20261096,BFS,386,35,110,114,9,9000
25,189,20261096,Dijkstra,386,35,108,114,9,10600
25,189,20261096,AStarClosed,386,35,51,64,14,7300
25,189,20261096,AStarNoClosed,386,35,51,64,14,6100
25,190,20261097,BFS,380,34,96,105,10,9800
25,190,20261097,Dijkstra,380,34,100,108,11,10700
25,190,20261097,AStarClosed,380,34,51,62,12,8900
25,190,20261097,AStarNoClosed,380,34,51,62,12,7400
25,191,20261098,BFS,392,36,120,126,8,11200
25,191,20261098,Dijkstra,392,36,118,125,8,10200
25,191,20261098,AStarClosed,392,36,65,79,15,9300
25,191,20261098,AStarNoClosed,392,36,65,79,15,8700
25,192,20261099,BFS,380,34,125,131,10,10200
25,192,20261099,Dijkstra,380,34,123,129,9,10500
25,192,20261099,AStarClosed,380,34,62,78,17,8000
25,192,20261099,AStarNoClosed,380,34,62,78,17,6700
25,193,20261100,BFS,398,37,100,102,5,8500
25,193,20261100,Dijkstra,398,37,100,102,5,8500
25,193,20261100,AStarClosed,398,37,51,68,18,6800
25,193,20261100,AStarNoClosed,398,37,51,68,18,5700
25,194,20261101,BFS,410,39,134,138,9,10700
25,194,20261101,Dijkstra,410,39,133,138,9,11200
25,194,20261101,AStarClosed,410,39,56,70,15,7300
25,194,20261101,AStarNoClosed,410,39,56,70,15,6100
25,195,20261102,BFS,398,37,129,133,9,10800
25,195,20261102,Dijkstra,398,37,128,132,9,12600
25,195,20261102,AStarClosed,398,37,54,66,13,9200
25,195,20261102,AStarNoClosed,398,37,54,66,13,8100
25,196,20261103,BFS,398,37,86,89,6,10100
25,196,20261103,Dijkstra,398,37,86,89,6,7500
25,196,20261103,AStarClosed,398,37,54,66,13,7000
25,196,20261103,AStarNoClosed,398,37,54,66,13,6000
25,197,20261104,BFS,380,34,105,111,7,9700
25,197,20261104,Dijkstra,380,34,102,108,7,10600
25,197,20261104,AStarClosed,380,34,56,66,11,7400
25,197,20261104,AStarNoClosed,380,34,56,66,11,6200
25,198,20261105,BFS,386,35,93,102,10,8100
25,198,20261105,Dijkstra,386,35,90,97,10,8200
25,198,20261105,AStarClosed,386,35,50,60,11,6600
25,198,20261105,AStarNoClosed,386,35,50,60,11,5700
25,199,20261106,BFS,386,35,127,133,10,10000
25,199,20261106,Dijkstra,386,35,122,130,11,11300
25,199,20261106,AStarClosed,386,35,56,66,11,10000
25,199,20261106,AStarNoClosed,386,35,56,66,11,6300
25,200,20261107,BFS,374,33,82,85,6,7500
25,200,20261107,Dijkstra,374,33,80,83,6,7200
25,200,20261107,AStarClosed,374,33,50,60,11,6600
25,200,20261107,AStarNoClosed,374,33,50,60,11,5700
25,201,20261108,BFS,386,35,123,131,9,9900
25,201,20261108,Dijkstra,386,35,117,125,9,10000
25,201,20261108,AStarClosed,386,35,53,66,14,6900
25,201,20261108,AStarNoClosed,386,35,53,66,14,6000
25,202,20261109,BFS,380,34,122,129,8,9900
25,202,20261109,Dijkstra,380,34,121,128,8,10200
25,202,20261109,AStarClosed,380,34,61,76,16,8000
25,202,20261109,AStarNoClosed,380,34,61,76,16,6800
25,203,20261110,BFS,386,35,126,129,8,13500
25,203,20261110,Dijkstra,386,35,127,130,8,12500
25,203,20261110,AStarClosed,386,35,58,69,12,9600
25,203,20261110,AStarNoClosed,386,35,58,69,12,7600
25,204,20261111,BFS,380,34,83,88,7,7600
25,204,20261111,Dijkstra,380,34,80,85,7,7300
25,204,20261111,AStarClosed,380,34,54,64,11,7100
25,204,20261111,AStarNoClosed,380,34,54,64,11,6000
25,205,20261112,BFS,398,37,106,108,8,10300
25,205,20261112,Dijkstra,398,37,106,108,8,9000
25,205,20261112,AStarClosed,398,37,56,65,10,7000
25,205,20261112,AStarNoClosed,398,37,56,65,10,7900
25,206,20261113,BFS,392,36,116,121,9,9600
25,206,20261113,Dijkstra,392,36,113,120,9,9800
25,206,20261113,AStarClosed,392,36,53,61,9,6800
25,206,20261113,AStarNoClosed,392,36,53,61,9,5700
25,207,20261114,BFS,368,32,79,83,6,7100
25,207,20261114,Dijkstra,368,32,82,87,6,7100
25,207,20261114,AStarClosed,368,32,48,63,16,6500
25,207,20261114,AStarNoClosed,368,32,48,63,16,5400
25,208,20261115,BFS,392,36,123,126,9,9500
25,208,20261115,Dijkstra,392,36,121,124,9,10000
25,208,20261115,AStarClosed,392,36,55,70,16,7100
25,208,20261115,AStarNoClosed,392,36,55,70,16,6100
25,209,20261116,BFS,392,36,141,142,12,10800
25,209,20261116,Dijkstra,392,36,138,142,12,11500
25,209,20261116,AStarClosed,392,36,45,54,10,6200
25,209,20261116,AStarNoClosed,392,36,45,54,10,5100
25,210,20261117,BFS,434,43,93,95,6,8000
25,210,20261117,Dijkstra,434,43,91,93,6,9400
25,210,20261117,AStarClosed,434,43,44,52,9,5600
25,210,20261117,AStarNoClosed,434,43,44,52,9,5000
25,211,20261118,BFS,386,35,104,117,14,10300
25,211,20261118,Dijkstra,386,35,103,116,14,9100
25,211,20261118,AStarClosed,386,35,56,66,11,8600
25,211,20261118,AStarNoClosed,386,35,56,66,11,6300
25,212,20261119,BFS,386,35,88,91,7,7900
25,212,20261119,Dijkstra,386,35,86,89,7,7600
25,212,20261119,AStarClosed,386,35,59,70,13,7500
25,212,20261119,AStarNoClosed,386,35,59,70,13,6300
25,213,20261120,BFS,380,34,121,124,9,9800
25,213,20261120,Dijkstra,380,34,122,125,9,10300
25,213,20261120,AStarClosed,380,34,56,66,11,7000
25,213,20261120,AStarNoClosed,380,34,56,66,11,6500
25,214,20261121,BFS,386,35,95,100,7,10900
25,214,20261121,Dijkstra,386,35,92,97,6,9500
25,214,20261121,AStarClosed,386,35,61,71,11,8000
25,214,20261121,AStarNoClosed,386,35,61,71,11,8500
25,215,20261122,BFS,350,29,119,122,8,9700
25,215,20261122,Dijkstra,350,29,118,122,7,10100
25,215,20261122,AStarClosed,350,29,50,63,15,6900
25,215,20261122,AStarNoClosed,350,29,50,63,15,6100
25,216,20261123,BFS,380,34,77,82,6,7700
25,216,20261123,Dijkstra,380,34,76,80,6,7900
25,216,20261123,AStarClosed,380,34,50,59,10,7000
25,216,20261123,AStarNoClosed,380,34,50,59,10,7900
25,217,20261124,BFS,380,34,117,123,8,9500
25,217,20261124,Dijkstra,380,34,116,121,8,10100
25,217,20261124,AStarClosed,380,34,62,72,11,7800
25,217,20261124,AStarNoClosed,380,34,62,72,11,6600
25,218,20261125,BFS,374,33,118,121,7,12400
25,218,20261125,Dijkstra,374,33,116,119,7,13000
25,218,20261125,AStarClosed,374,33,60,71,12,8100
25,218,20261125,AStarNoClosed,374,33,60,71,12,6700
25,219,20261126,BFS,398,37,69,76,8,6500
25,219,20261126,Dijkstra,398,37,67,73,7,6200
25,219,20261126,AStarClosed,398,37,42,51,10,5700
25,219,20261126,AStarNoClosed,398,37,42,51,10,6800
25,220,20261127,BFS,392,36,89,95,9,9500
25,220,20261127,Dijkstra,392,36,90,97,10,10100
25,220,20261127,AStarClosed,392,36,55,64,10,8600
25,220,20261127,AStarNoClosed,392,36,55,64,10,7500
25,221,20261128,BFS,368,32,142,150,10,13500
25,221,20261128,Dijkstra,368,32,141,150,10,13800
25,221,20261128,AStarClosed,368,32,58,74,17,11200
25,221,20261128,AStarNoClosed,368,32,58,74,17,8800
25,222,20261129,BFS,404,38,129,135,7,13100
25,222,20261129,Dijkstra,404,38,125,130,7,13000
25,222,20261129,AStarClosed,404,38,65,82,18,11600
25,222,20261129,AStarNoClosed,404,38,65,82,18,9600
25,223,20261130,BFS,374,33,91,94,5,10700
25,223,20261130,Dijkstra,374,33,92,95,6,10000
25,223,20261130,AStarClosed,374,33,54,67,14,10400
25,223,20261130,AStarNoClosed,374,33,54,67,14,8500
25,224,20261131,BFS,386,35,135,143,10,13300
25,224,20261131,Dijkstra,386,35,133,142,10,15000
25,224,20261131,AStarClosed,386,35,56,71,16,10500
25,224,20261131,AStarNoClosed,386,35,56,71,16,8900
25,225,20261132,BFS,404,38,143,155,14,14200
25,225,20261132,Dijkstra,404,38,145,156,13,15000
25,225,20261132,AStarClosed,404,38,60,72,13,10600
25,225,20261132,AStarNoClosed,404,38,60,72,13,8700
25,226,20261133,BFS,386,35,93,99,7,11000
25,226,20261133,Dijkstra,386,35,94,100,7,10500
25,226,20261133,AStarClosed,386,35,51,63,13,9500
25,226,20261133,AStarNoClosed,386,35,51,63,13,8000
25,227,20261134,BFS,356,30,109,113,7,12300
25,227,20261134,Dijkstra,356,30,111,113,7,12100
25,227,20261134,AStarClosed,356,30,43,55,15,9400
25,227,20261134,AStarNoClosed,356,30,43,55,15,7600
25,228,20261135,BFS,374,33,88,97,10,10800
25,228,20261135,Dijkstra,374,33,83,90,8,10200
25,228,20261135,AStarClosed,374,33,53,62,10,10300
25,228,20261135,AStarNoClosed,374,33,53,62,10,8300
25,229,20261136,BFS,362,31,94,101,8,11200
25,229,20261136,Dijkstra,362,31,95,102,8,10700
25,229,20261136,AStarClosed,362,31,53,63,11,10000
25,229,20261136,AStarNoClosed,362,31,53,63,11,8200
25,230,20261137,BFS,398,37,105,112,8,12000
25,230,20261137,Dijkstra,398,37,104,110,7,11300
25,230,20261137,AStarClosed,398,37,50,64,15,10100
25,230,20261137,AStarNoClosed,398,37,50,64,15,8600
25,231,20261138,BFS,386,35,101,102,6,11500
25,231,20261138,Dijkstra,386,35,101,102,7,11000
25,231,20261138,AStarClosed,386,35,52,63,12,9700
25,231,20261138,AStarNoClosed,386,35,52,63,12,8000
25,232,20261139,BFS,368,32,93,99,7,10800
25,232,20261139,Dijkstra,368,32,91,96,7,10500
25,232,20261139,AStarClosed,368,32,49,60,12,9700
25,232,20261139,AStarNoClosed,368,32,49,60,12,9100
25,233,20261140,BFS,398,37,118,121,8,12700
25,233,20261140,Dijkstra,398,37,115,120,9,12300
25,233,20261140,AStarClosed,398,37,46,59,14,9400
25,233,20261140,AStarNoClosed,398,37,46,59,14,7400
25,234,20261141,BFS,374,33,117,122,8,13000
25,234,20261141,Dijkstra,374,33,118,123,8,13100
25,234,20261141,AStarClosed,374,33,58,68,11,10200
25,234,20261141,AStarNoClosed,374,33,58,68,11,8500
25,235,20261142,BFS,380,34,113,119,9,12500
25,235,20261142,Dijkstra,380,34,112,118,9,12000
25,235,20261142,AStarClosed,380,34,51,67,17,10400
25,235,20261142,AStarNoClosed,380,34,51,67,17,8800
25,236,20261143,BFS,386,35,124,127,7,12800
25,236,20261143,Dijkstra,386,35,122,125,7,12700
25,236,20261143,AStarClosed,386,35,48,59,12,9500
25,236,20261143,AStarNoClosed,386,35,48,59,12,7500
25,237,20261144,BFS,386,35,118,122,8,12300
25,237,20261144,Dijkstra,386,35,119,123,8,12300
25,237,20261144,AStarClosed,386,35,50,60,11,9500
25,237,20261144,AStarNoClosed,386,35,50,60,11,7800
25,238,20261145,BFS,398,37,110,115,8,12000
25,238,20261145,Dijkstra,398,37,111,116,8,11700
25,238,20261145,AStarClosed,398,37,58,69,12,10600
25,238,20261145,AStarNoClosed,398,37,58,69,12,8800
25,239,20261146,BFS,404,38,145,150,8,15000
25,239,20261146,Dijkstra,404,38,142,148,8,14800
25,239,20261146,AStarClosed,404,38,60,76,17,11500
25,239,20261146,AStarNoClosed,404,38,60,76,17,10800
25,240,20261147,BFS,362,31,116,126,11,13300
25,240,20261147,Dijkstra,362,31,120,131,12,13300
25,240,20261147,AStarClosed,362,31,53,70,18,10800
25,240,20261147,AStarNoClosed,362,31,53,70,18,8900
25,241,20261148,BFS,380,34,130,141,13,13400
25,241,20261148,Dijkstra,380,34,124,134,11,12800
25,241,20261148,AStarClosed,380,34,57,70,14,7700
25,241,20261148,AStarNoClosed,380,34,57,70,14,6500
25,242,20261149,BFS,368,32,122,125,9,9900
25,242,20261149,Dijkstra,368,32,121,126,8,10500
25,242,20261149,AStarClosed,368,32,51,66,16,7100
25,242,20261149,AStarNoClosed,368,32,51,66,16,6000
25,243,20261150,BFS,380,34,89,93,7,7800
25,243,20261150,Dijkstra,380,34,90,94,8,8000
25,243,20261150,AStarClosed,380,34,53,64,12,7100
25,243,20261150,AStarNoClosed,380,34,53,64,12,6100
25,244,20261151,BFS,380,34,97,100,6,8400
25,244,20261151,Dijkstra,380,34,97,100,6,8600
25,244,20261151,AStarClosed,380,34,61,73,13,7700
25,244,20261151,AStarNoClosed,380,34,61,73,13,6600
25,245,20261152,BFS,374,33,112,117,10,9200
25,245,20261152,Dijkstra,374,33,112,116,9,9600
25,245,20261152,AStarClosed,374,33,48,62,15,6600
25,245,20261152,AStarNoClosed,374,33,48,62,15,5700
25,246,20261153,BFS,398,37,118,123,8,9700
25,246,20261153,Dijkstra,398,37,115,120,7,10000
25,246,20261153,AStarClosed,398,37,60,71,12,7500
25,246,20261153,AStarNoClosed,398,37,60,71,12,6300
25,247,20261154,BFS,398,37,148,153,12,11500
25,247,20261154,Dijkstra,398,37,147,152,12,13400
25,247,20261154,AStarClosed,398,37,58,70,13,7700
25,247,20261154,AStarNoClosed,398,37,58,70,13,6300
25,248,20261155,BFS,380,34,134,144,11,10500
25,248,20261155,Dijkstra,380,34,128,137,10,10900
25,248,20261155,AStarClosed,380,34,58,70,13,7600
25,248,20261155,AStarNoClosed,380,34,58,70,13,6400
25,249,20261156,BFS,404,38,118,120,8,9500
25,249,20261156,Dijkstra,404,38,117,120,8,9800
25,249,20261156,AStarClosed,404,38,57,70,14,7300
25,249,20261156,AStarNoClosed,404,38,57,70,14,6300
25,250,20261157,BFS,380,34,95,99,6,8200
25,250,20261157,Dijkstra,380,34,94,98,6,8100
25,250,20261157,AStarClosed,380,34,58,71,14,7500
25,250,20261157,AStarNoClosed,380,34,58,71,14,6400
25,251,20261158,BFS,374,33,129,134,10,10300
25,251,20261158,Dijkstra,374,33,128,134,11,11000
25,251,20261158,AStarClosed,374,33,50,61,12,6600
25,251,20261158,AStarNoClosed,374,33,50,61,12,5600
25,252,20261159,BFS,374,33,78,83,7,7100
25,252,20261159,Dijkstra,374,33,79,83,7,7100
25,252,20261159,AStarClosed,374,33,54,60,8,6900
25,252,20261159,AStarNoClosed,374,33,54,60,8,5800
25,253,20261160,BFS,374,33,114,120,8,9300
25,253,20261160,Dijkstra,374,33,105,111,8,9100
25,253,20261160,AStarClosed,374,33,50,60,11,6600
25,253,20261160,AStarNoClosed,374,33,50,60,11,5500
25,254,20261161,BFS,386,35,94,98,7,8100
25,254,20261161,Dijkstra,386,35,93,97,6,8000
25,254,20261161,AStarClosed,386,35,60,70,12,7700
25,254,20261161,AStarNoClosed,386,35,60,70,12,6500
25,255,20261162,BFS,386,35,97,99,8,8200
25,255,20261162,Dijkstra,386,35,97,99,8,8500
25,255,20261162,AStarClosed,386,35,54,65,12,6900
25,255,20261162,AStarNoClosed,386,35,54,65,12,6000
25,256,20261163,BFS,404,38,119,124,7,9500
25,256,20261163,Dijkstra,404,38,117,121,7,9700
25,256,20261163,AStarClosed,404,38,63,75,13,7400
25,256,20261163,AStarNoClosed,404,38,63,75,13,6600
25,257,20261164,BFS,398,37,111,116,8,9100
25,257,20261164,Dijkstra,398,37,107,114,9,9000
25,257,20261164,AStarClosed,398,37,48,58,11,6300
25,257,20261164,AStarNoClosed,398,37,48,58,11,5500
25,258,20261165,BFS,398,37,119,124,8,9600
25,258,20261165,Dijkstra,398,37,114,120,8,9500
25,258,20261165,AStarClosed,398,37,53,59,7,6600
25,258,20261165,AStarNoClosed,398,37,53,59,7,5600
25,259,20261166,BFS,392,36,118,122,7,9500
25,259,20261166,Dijkstra,392,36,115,119,7,9900
25,259,20261166,AStarClosed,392,36,64,76,13,7700
25,259,20261166,AStarNoClosed,392,36,64,76,13,6600
25,260,20261167,BFS,386,35,83,88,7,7300
25,260,20261167,Dijkstra,386,35,82,86,6,7300
25,260,20261167,AStarClosed,386,35,49,59,11,6400
25,260,20261167,AStarNoClosed,386,35,49,59,11,5400
25,261,20261168,BFS,362,31,101,107,7,9100
25,261,20261168,Dijkstra,362,31,102,108,7,9000
25,261,20261168,AStarClosed,362,31,45,58,14,6600
25,261,20261168,AStarNoClosed,362,31,45,58,14,6800
25,262,20261169,BFS,362,31,97,101,5,8200
25,262,20261169,Dijkstra,362,31,94,98,5,8100
25,262,20261169,AStarClosed,362,31,55,64,10,7000
25,262,20261169,AStarNoClosed,362,31,55,64,10,5900
25,263,20261170,BFS,398,37,94,98,7,8200
25,263,20261170,Dijkstra,398,37,93,97,6,7900
25,263,20261170,AStarClosed,398,37,53,63,11,6900
25,263,20261170,AStarNoClosed,398,37,53,63,11,5800
25,264,20261171,BFS,386,35,90,99,10,7600
25,264,20261171,Dijkstra,386,35,81,89,9,7100
25,264,20261171,AStarClosed,386,35,44,51,8,5800
25,264,20261171,AStarNoClosed,386,35,44,51,8,4900
25,265,20261172,BFS,380,34,111,120,10,9200
25,265,20261172,Dijkstra,380,34,112,121,10,9800
25,265,20261172,AStarClosed,380,34,50,63,14,6800
25,265,20261172,AStarNoClosed,380,34,50,63,14,5800
25,266,20261173,BFS,386,35,109,114,10,9000
25,266,20261173,Dijkstra,386,35,105,110,10,9200
25,266,20261173,AStarClosed,386,35,57,67,11,7400
25,266,20261173,AStarNoClosed,386,35,57,67,11,6200
25,267,20261174,BFS,392,36,115,119,8,9600
25,267,20261174,Dijkstra,392,36,116,120,8,10000
25,267,20261174,AStarClosed,392,36,52,67,16,7200
25,267,20261174,AStarNoClosed,392,36,52,67,16,8200
25,268,20261175,BFS,386,35,117,124,8,9600
25,268,20261175,Dijkstra,386,35,116,122,8,10000
25,268,20261175,AStarClosed,386,35,46,60,15,6400
25,268,20261175,AStarNoClosed,386,35,46,60,15,5200
25,269,20261176,BFS,386,35,86,94,9,7800
25,269,20261176,Dijkstra,386,35,85,93,9,7600
25,269,20261176,AStarClosed,386,35,46,56,11,6400
25,269,20261176,AStarNoClosed,386,35,46,56,11,5200
25,270,20261177,BFS,374,33,140,145,8,11000
25,270,20261177,Dijkstra,374,33,133,139,8,11100
25,270,20261177,AStarClosed,374,33,58,70,13,7400
25,270,20261177,AStarNoClosed,374,33,58,70,13,6300
25,271,20261178,BFS,410,39,119,124,9,9600
25,271,20261178,Dijkstra,410,39,117,123,9,9800
25,271,20261178,AStarClosed,410,39,46,58,13,6200
25,271,20261178,AStarNoClosed,410,39,46,58,13,5100
25,272,20261179,BFS,398,37,121,124,7,9900
25,272,20261179,Dijkstra,398,37,117,122,7,10000
25,272,20261179,AStarClosed,398,37,49,59,11,6400
25,272,20261179,AStarNoClosed,398,37,49,59,11,5300
25,273,20261180,BFS,362,31,107,112,9,9100
25,273,20261180,Dijkstra,362,31,109,114,9,9400
25,273,20261180,AStarClosed,362,31,54,68,15,7100
25,273,20261180,AStarNoClosed,362,31,54,68,15,6100
25,274,20261181,BFS,356,30,80,85,6,7300
25,274,20261181,Dijkstra,356,30,79,83,6,7100
25,274,20261181,AStarClosed,356,30,46,58,13,6400
25,274,20261181,AStarNoClosed,356,30,46,58,13,5500
25,275,20261182,BFS,362,31,129,138,10,10100
25,275,20261182,Dijkstra,362,31,135,142,9,11300
25,275,20261182,AStarClosed,362,31,42,60,19,6400
25,275,20261182,AStarNoClosed,362,31,42,60,19,5400
25,276,20261183,BFS,380,34,113,119,9,9500
25,276,20261183,Dijkstra,380,34,113,119,9,10700
25,276,20261183,AStarClosed,380,34,47,61,16,6900
25,276,20261183,AStarNoClosed,380,34,47,61,16,5800
25,277,20261184,BFS,398,37,99,107,9,8400
25,277,20261184,Dijkstra,398,37,98,106,9,8600
25,277,20261184,AStarClosed,398,37,52,63,12,7000
25,277,20261184,AStarNoClosed,398,37,52,63,12,5900
25,278,20261185,BFS,392,36,138,145,9,10800
25,278,20261185,Dijkstra,392,36,138,146,9,11500
25,278,20261185,AStarClosed,392,36,56,67,12,7200
25,278,20261185,AStarNoClosed,392,36,56,67,12,6200
25,279,20261186,BFS,380,34,99,103,7,8200
25,279,20261186,Dijkstra,380,34,96,102,8,8600
25,279,20261186,AStarClosed,380,34,59,69,12,7400
25,279,20261186,AStarNoClosed,380,34,59,69,12,6200
25,280,20261187,BFS,362,31,102,107,8,8700
25,280,20261187,Dijkstra,362,31,105,109,8,9100
25,280,20261187,AStarClosed,362,31,52,66,15,7000
25,280,20261187,AStarNoClosed,362,31,52,66,15,6000
25,281,20261188,BFS,386,35,139,143,12,10900
25,281,20261188,Dijkstra,386,35,137,141,11,12000
25,281,20261188,AStarClosed,386,35,56,67,12,10000
25,281,20261188,AStarNoClosed,386,35,56,67,12,6200
25,282,20261189,BFS,362,31,76,79,5,6900
25,282,20261189,Dijkstra,362,31,76,79,5,6700
25,282,20261189,AStarClosed,362,31,47,57,11,6400
25,282,20261189,AStarNoClosed,362,31,47,57,11,6600
25,283,20261190,BFS,374,33,115,118,8,13200
25,283,20261190,Dijkstra,374,33,113,117,8,12600
25,283,20261190,AStarClosed,374,33,56,69,14,10400
25,283,20261190,AStarNoClosed,374,33,56,69,14,8900
25,284,20261191,BFS,374,33,121,128,11,13000
25,284,20261191,Dijkstra,374,33,121,129,10,13200
25,284,20261191,AStarClosed,374,33,49,61,13,9600
25,284,20261191,AStarNoClosed,374,33,49,61,13,7700
25,285,20261192,BFS,374,33,103,108,7,11500
25,285,20261192,Dijkstra,374,33,103,108,7,11400
25,285,20261192,AStarClosed,374,33,63,76,14,11300
25,285,20261192,AStarNoClosed,374,33,63,76,14,9200
25,286,20261193,BFS,374,33,111,117,7,9500
25,286,20261193,Dijkstra,374,33,111,117,8,10000
25,286,20261193,AStarClosed,374,33,53,67,15,9200
25,286,20261193,AStarNoClosed,374,33,53,67,15,5900
25,287,20261194,BFS,350,29,95,98,5,8200
25,287,20261194,Dijkstra,350,29,95,99,6,8800
25,287,20261194,AStarClosed,350,29,51,66,16,8900
25,287,20261194,AStarNoClosed,350,29,51,66,16,8100
25,288,20261195,BFS,380,34,110,114,6,9200
25,288,20261195,Dijkstra,380,34,109,113,6,9400
25,288,20261195,AStarClosed,380,34,60,75,16,7800
25,288,20261195,AStarNoClosed,380,34,60,75,16,6800
25,289,20261196,BFS,362,31,102,111,11,8600
25,289,20261196,Dijkstra,362,31,102,112,11,9000
25,289,20261196,AStarClosed,362,31,50,61,12,6700
25,289,20261196,AStarNoClosed,362,31,50,61,12,5700
25,290,20261197,BFS,386,35,124,130,9,9900
25,290,20261197,Dijkstra,386,35,120,126,10,10500
25,290,20261197,AStarClosed,386,35,49,58,10,6400
25,290,20261197,AStarNoClosed,386,35,49,58,10,6500
25,291,20261198,BFS,380,34,118,125,10,9800
25,291,20261198,Dijkstra,380,34,117,123,11,10600
25,291,20261198,AStarClosed,380,34,47,60,14,6700
25,291,20261198,AStarNoClosed,380,34,47,60,14,5800
25,292,20261199,BFS,392,36,130,137,8,10400
25,292,20261199,Dijkstra,392,36,128,134,8,10500
25,292,20261199,AStarClosed,392,36,52,61,10,6800
25,292,20261199,AStarNoClosed,392,36,52,61,10,6000
25,293,20261200,BFS,398,37,105,106,7,8600
25,293,20261200,Dijkstra,398,37,105,106,7,9000
25,293,20261200,AStarClosed,398,37,56,62,8,6700
25,293,20261200,AStarNoClosed,398,37,56,62,8,5700
25,294,20261201,BFS,380,34,115,120,6,9400
25,294,20261201,Dijkstra,380,34,112,116,6,9600
25,294,20261201,AStarClosed,380,34,57,70,14,7500
25,294,20261201,AStarNoClosed,380,34,57,70,14,6600
25,295,20261202,BFS,368,32,81,86,7,7100
25,295,20261202,Dijkstra,368,32,79,84,8,6900
25,295,20261202,AStarClosed,368,32,47,57,11,6400
25,295,20261202,AStarNoClosed,368,32,47,57,11,5500
25,296,20261203,BFS,404,38,95,97,5,7900
25,296,20261203,Dijkstra,404,38,95,97,5,7900
25,296,20261203,AStarClosed,404,38,62,74,13,7500
25,296,20261203,AStarNoClosed,404,38,62,74,13,6600
25,297,20261204,BFS,398,37,135,141,9,10700
25,297,20261204,Dijkstra,398,37,130,137,9,11100
25,297,20261204,AStarClosed,398,37,51,62,12,6600
25,297,20261204,AStarNoClosed,398,37,51,62,12,5700
25,298,20261205,BFS,398,37,109,119,11,8900
25,298,20261205,Dijkstra,398,37,102,111,10,9100
25,298,20261205,AStarClosed,398,37,60,71,12,7700
25,298,20261205,AStarNoClosed,398,37,60,71,12,6500
25,299,20261206,BFS,362,31,101,106,7,8800
25,299,20261206,Dijkstra,362,31,103,109,7,9000
25,299,20261206,AStarClosed,362,31,47,61,15,6600
25,299,20261206,AStarNoClosed,362,31,47,61,15,5700
51,0,20260907,BFS,870,81,417,424,14,53900
51,0,20260907,Dijkstra,870,81,407,413,14,48100
51,0,20260907,AStarClosed,870,81,142,163,22,25200
51,0,20260907,AStarNoClosed,870,81,142,163,22,19100
51,1,20260908,BFS,858,79,382,389,11,29600
51,1,20260908,Dijkstra,858,79,380,387,12,32300
51,1,20260908,AStarClosed,858,79,125,152,28,16700
51,1,20260908,AStarNoClosed,858,79,125,152,28,19300
51,2,20260909,BFS,834,75,332,340,13,26400
51,2,20260909,Dijkstra,834,75,325,331,13,28900
51,2,20260909,AStarClosed,834,75,140,160,21,17600
51,2,20260909,AStarNoClosed,834,75,140,160,21,15600
51,3,20260910,BFS,852,78,445,458,18,31800
51,3,20260910,Dijkstra,852,78,418,432,19,34900
51,3,20260910,AStarClosed,852,78,153,171,19,18500
51,3,20260910,AStarNoClosed,852,78,153,171,19,16500
51,4,20260911,BFS,804,70,374,382,11,27800
51,4,20260911,Dijkstra,804,70,370,378,12,31800
51,4,20260911,AStarClosed,804,70,167,189,25,19800
51,4,20260911,AStarNoClosed,804,70,167,189,25,19200
51,5,20260912,BFS,840,76,354,366,13,34700
51,5,20260912,Dijkstra,840,76,347,357,12,37000
51,5,20260912,AStarClosed,840,76,155,175,21,21100
51,5,20260912,AStarNoClosed,840,76,155,175,21,17800
51,6,20260913,BFS,828,74,375,386,13,28400
51,6,20260913,Dijkstra,828,74,374,383,13,32000
51,6,20260913,AStarClosed,828,74,154,181,28,19100
51,6,20260913,AStarNoClosed,828,74,154,181,28,17400
51,7,20260914,BFS,822,73,475,482,19,34300
51,7,20260914,Dijkstra,822,73,469,478,19,38400
51,7,20260914,AStarClosed,822,73,157,181,25,23900
51,7,20260914,AStarNoClosed,822,73,157,181,25,17400
51,8,20260915,BFS,798,69,438,450,16,32000
51,8,20260915,Dijkstra,798,69,433,445,15,41500
51,8,20260915,AStarClosed,798,69,135,160,26,17200
51,8,20260915,AStarNoClosed,798,69,135,160,26,15300
51,9,20260916,BFS,846,77,358,367,12,27100
51,9,20260916,Dijkstra,846,77,357,366,13,30300
51,9,20260916,AStarClosed,846,77,152,172,21,18900
51,9,20260916,AStarNoClosed,846,77,152,172,21,16800
51,10,20260917,BFS,852,78,363,371,14,27100
51,10,20260917,Dijkstra,852,78,359,366,16,31000
51,10,20260917,AStarClosed,852,78,191,211,24,21500
51,10,20260917,AStarNoClosed,852,78,191,211,24,19900
51,11,20260918,BFS,822,73,342,351,11,25700
51,11,20260918,Dijkstra,822,73,342,350,13,29000
51,11,20260918,AStarClosed,822,73,163,180,18,19700
51,11,20260918,AStarNoClosed,822,73,163,180,18,17600
51,12,20260919,BFS,798,69,270,276,9,21300
51,12,20260919,Dijkstra,798,69,269,275,8,23500
51,12,20260919,AStarClosed,798,69,143,166,24,18100
51,12,20260919,AStarNoClosed,798,69,143,166,24,16900
51,13,20260920,BFS,828,74,454,466,15,33300
51,13,20260920,Dijkstra,828,74,443,454,14,37100
51,13,20260920,AStarClosed,828,74,166,189,24,19700
51,13,20260920,AStarNoClosed,828,74,166,189,24,18100
51,14,20260921,BFS,816,72,372,386,15,28100
51,14,20260921,Dijkstra,816,72,366,380,15,31800
51,14,20260921,AStarClosed,816,72,131,150,20,16400
51,14,20260921,AStarNoClosed,816,72,131,150,20,15200
51,15,20260922,BFS,858,79,447,460,15,31800
51,15,20260922,Dijkstra,858,79,435,449,15,37900
51,15,20260922,AStarClosed,858,79,152,174,23,18300
51,15,20260922,AStarNoClosed,858,79,152,174,23,16500
51,16,20260923,BFS,828,74,410,422,15,31200
51,16,20260923,Dijkstra,828,74,400,414,15,33900
51,16,20260923,AStarClosed,828,74,165,187,23,19200
51,16,20260923,AStarNoClosed,828,74,165,187,23,18900
51,17,20260924,BFS,810,71,390,398,12,28500
51,17,20260924,Dijkstra,810,71,381,389,12,32200
51,17,20260924,AStarClosed,810,71,144,166,23,17200
51,17,20260924,AStarNoClosed,810,71,144,166,23,15700
51,18,20260925,BFS,816,72,273,281,10,21500
51,18,20260925,Dijkstra,816,72,277,285,10,24500
51,18,20260925,AStarClosed,816,72,122,144,23,16400
51,18,20260925,AStarNoClosed,816,72,122,144,23,14500
51,19,20260926,BFS,858,79,321,333,13,24500
51,19,20260926,Dijkstra,858,79,306,316,12,26300
51,19,20260926,AStarClosed,858,79,146,167,22,17800
51,19,20260926,AStarNoClosed,858,79,146,167,22,16200
51,20,20260927,BFS,810,71,411,426,18,30500
51,20,20260927,Dijkstra,810,71,410,425,18,35200
51,20,20260927,AStarClosed,810,71,150,170,22,18400
51,20,20260927,AStarNoClosed,810,71,150,170,22,16800
51,21,20260928,BFS,846,77,410,419,13,29600
51,21,20260928,Dijkstra,846,77,420,430,13,34900
51,21,20260928,AStarClosed,846,77,149,171,23,18300
51,21,20260928,AStarNoClosed,846,77,149,171,23,16400
51,22,20260929,BFS,870,81,430,444,17,31200
51,22,20260929,Dijkstra,870,81,421,434,17,35300
51,22,20260929,AStarClosed,870,81,145,160,16,17600
51,22,20260929,AStarNoClosed,870,81,145,160,16,15600
51,23,20260930,BFS,846,77,328,345,18,25200
51,23,20260930,Dijkstra,846,77,320,335,16,28000
51,23,20260930,AStarClosed,846,77,169,185,19,19700
51,23,20260930,AStarNoClosed,846,77,169,185,19,17800
51,24,20260931,BFS,834,75,318,326,11,24700
51,24,20260931,Dijkstra,834,75,301,309,11,26500
51,24,20260931,AStarClosed,834,75,160,179,21,19200
51,24,20260931,AStarNoClosed,834,75,160,179,21,17500
51,25,20260932,BFS,846,77,389,394,14,28400
51,25,20260932,Dijkstra,846,77,388,393,14,32600
51,25,20260932,AStarClosed,846,77,161,181,21,21000
51,25,20260932,AStarNoClosed,846,77,161,181,21,20200
51,26,20260933,BFS,828,74,469,487,21,34900
51,26,20260933,Dijkstra,828,74,446,463,22,37900
51,26,20260933,AStarClosed,828,74,160,173,20,19400
51,26,20260933,AStarNoClosed,828,74,160,173,20,17200
51,27,20260934,BFS,798,69,322,326,10,24600
51,27,20260934,Dijkstra,798,69,318,323,11,27600
51,27,20260934,AStarClosed,798,69,135,152,18,16600
51,27,20260934,AStarNoClosed,798,69,135,152,18,15100
51,28,20260935,BFS,804,70,360,367,11,26900
51,28,20260935,Dijkstra,804,70,363,372,12,31200
51,28,20260935,AStarClosed,804,70,153,180,29,18900
51,28,20260935,AStarNoClosed,804,70,153,180,29,17300
51,29,20260936,BFS,804,70,385,397,15,28900
51,29,20260936,Dijkstra,804,70,379,391,13,32100
51,29,20260936,AStarClosed,804,70,151,171,21,18600
51,29,20260936,AStarNoClosed,804,70,151,171,21,16500
51,30,20260937,BFS,852,78,467,482,18,33700
51,30,20260937,Dijkstra,852,78,455,469,19,37900
51,30,20260937,AStarClosed,852,78,162,178,17,18900
51,30,20260937,AStarNoClosed,852,78,162,178,17,17100
51,31,20260938,BFS,822,73,229,233,7,19000
51,31,20260938,Dijkstra,822,73,227,231,7,20800
51,31,20260938,AStarClosed,822,73,141,163,23,17900
51,31,20260938,AStarNoClosed,822,73,141,163,23,16000
51,32,20260939,BFS,894,85,236,243,8,19200
51,32,20260939,Dijkstra,894,85,236,243,8,20600
51,32,20260939,AStarClosed,894,85,110,125,16,13800
51,32,20260939,AStarNoClosed,894,85,110,125,16,12500
51,33,20260940,BFS,858,79,372,383,15,28100
51,33,20260940,Dijkstra,858,79,356,367,15,30700
51,33,20260940,AStarClosed,858,79,144,172,29,17900
51,33,20260940,AStarNoClosed,858,79,144,172,29,16300
51,34,20260941,BFS,816,72,372,377,15,27900
51,34,20260941,Dijkstra,816,72,371,375,15,33000
51,34,20260941,AStarClosed,816,72,152,175,24,18500
51,34,20260941,AStarNoClosed,816,72,152,175,24,16800
51,35,20260942,BFS,864,80,318,331,15,24700
51,35,20260942,Dijkstra,864,80,315,329,15,27600
51,35,20260942,AStarClosed,864,80,148,162,15,17900
51,35,20260942,AStarNoClosed,864,80,148,162,15,16200
51,36,20260943,BFS,816,72,332,342,12,25200
51,36,20260943,Dijkstra,816,72,331,341,12,28900
51,36,20260943,AStarClosed,816,72,163,185,23,19400
51,36,20260943,AStarNoClosed,816,72,163,185,23,17600
51,37,20260944,BFS,810,71,301,306,8,23100
51,37,20260944,Dijkstra,810,71,302,307,8,26400
51,37,20260944,AStarClosed,810,71,128,146,19,16000
51,37,20260944,AStarNoClosed,810,71,128,146,19,14600
51,38,20260945,BFS,828,74,378,381,13,27900
51,38,20260945,Dijkstra,828,74,378,381,12,31800
51,38,20260945,AStarClosed,828,74,171,196,26,20500
51,38,20260945,AStarNoClosed,828,74,171,196,26,18200
51,39,20260946,BFS,828,74,327,330,11,24800
51,39,20260946,Dijkstra,828,74,328,331,11,28500
51,39,20260946,AStarClosed,828,74,177,200,24,20200
51,39,20260946,AStarNoClosed,828,74,177,200,24,20200
51,40,20260947,BFS,816,72,393,406,18,29300
51,40,20260947,Dijkstra,816,72,392,406,17,33200
51,40,20260947,AStarClosed,816,72,155,178,24,18800
51,40,20260947,AStarNoClosed,816,72,155,178,24,16900
51,41,20260948,BFS,792,68,258,270,14,20700
51,41,20260948,Dijkstra,792,68,265,274,13,23400
51,41,20260948,AStarClosed,792,68,111,129,21,15100
51,41,20260948,AStarNoClosed,792,68,111,129,21,13300
51,42,20260949,BFS,822,73,479,488,21,34200
51,42,20260949,Dijkstra,822,73,475,486,19,39100
51,42,20260949,AStarClosed,822,73,153,175,23,18400
51,42,20260949,AStarNoClosed,822,73,153,175,23,16800
51,43,20260950,BFS,846,77,432,442,13,31200
51,43,20260950,Dijkstra,846,77,435,446,15,37500
51,43,20260950,AStarClosed,846,77,150,175,26,18300
51,43,20260950,AStarNoClosed,846,77,150,175,26,16600
51,44,20260951,BFS,846,77,471,483,15,33600
51,44,20260951,Dijkstra,846,77,460,471,15,38400
51,44,20260951,AStarClosed,846,77,143,168,26,17500
51,44,20260951,AStarNoClosed,846,77,143,168,26,15700
51,45,20260952,BFS,834,75,484,492,22,34500
51,45,20260952,Dijkstra,834,75,482,490,18,41100
51,45,20260952,AStarClosed,834,75,146,169,24,18400
51,45,20260952,AStarNoClosed,834,75,146,169,24,16800
51,46,20260953,BFS,828,74,324,331,13,26200
51,46,20260953,Dijkstra,828,74,317,325,13,39000
51,46,20260953,AStarClosed,828,74,169,189,21,31900
51,46,20260953,AStarNoClosed,828,74,169,189,21,20400
51,47,20260954,BFS,840,76,399,411,14,40600
51,47,20260954,Dijkstra,840,76,389,401,15,41500
51,47,20260954,AStarClosed,840,76,168,188,21,28100
51,47,20260954,AStarNoClosed,840,76,168,188,21,42800
51,48,20260955,BFS,852,78,444,447,14,40900
51,48,20260955,Dijkstra,852,78,444,448,14,73100
51,48,20260955,AStarClosed,852,78,147,173,27,27000
51,48,20260955,AStarNoClosed,852,78,147,173,27,22500
51,49,20260956,BFS,846,77,296,300,10,75800
51,49,20260956,Dijkstra,846,77,295,299,11,41700
51,49,20260956,AStarClosed,846,77,154,178,25,39900
51,49,20260956,AStarNoClosed,846,77,154,178,25,23900
51,50,20260957,BFS,804,70,451,467,20,41500
51,50,20260957,Dijkstra,804,70,451,466,21,46800
51,50,20260957,AStarClosed,804,70,151,173,23,26100
51,50,20260957,AStarNoClosed,804,70,151,173,23,21200
51,51,20260958,BFS,792,68,270,273,10,26400
51,51,20260958,Dijkstra,792,68,269,272,9,28300
51,51,20260958,AStarClosed,792,68,143,166,25,24100
51,51,20260958,AStarNoClosed,792,68,143,166,25,22500
51,52,20260959,BFS,864,80,318,328,11,31200
51,52,20260959,Dijkstra,864,80,313,322,11,33700
51,52,20260959,AStarClosed,864,80,166,186,21,26600
51,52,20260959,AStarNoClosed,864,80,166,186,21,23500
51,53,20260960,BFS,810,71,311,316,8,31000
51,53,20260960,Dijkstra,810,71,311,316,8,33100
51,53,20260960,AStarClosed,810,71,146,171,26,20600
51,53,20260960,AStarNoClosed,810,71,146,171,26,16600
51,54,20260961,BFS,822,73,319,323,9,28800
51,54,20260961,Dijkstra,822,73,322,327,10,32500
51,54,20260961,AStarClosed,822,73,153,177,25,25300
51,54,20260961,AStarNoClosed,822,73,153,177,25,22500
51,55,20260962,BFS,822,73,445,459,15,57500
51,55,20260962,Dijkstra,822,73,439,451,16,45900
51,55,20260962,AStarClosed,822,73,160,184,25,28200
51,55,20260962,AStarNoClosed,822,73,160,184,25,24300
51,56,20260963,BFS,792,68,394,414,21,38700
51,56,20260963,Dijkstra,792,68,418,433,21,44000
51,56,20260963,AStarClosed,792,68,143,166,25,25200
51,56,20260963,AStarNoClosed,792,68,143,166,25,22300
51,57,20260964,BFS,828,74,365,376,12,57600
51,57,20260964,Dijkstra,828,74,359,368,12,46800
51,57,20260964,AStarClosed,828,74,163,180,20,27700
51,57,20260964,AStarNoClosed,828,74,163,180,20,24200
51,58,20260965,BFS,816,72,361,370,13,75600
51,58,20260965,Dijkstra,816,72,359,368,11,39000
51,58,20260965,AStarClosed,816,72,155,174,27,26100
51,58,20260965,AStarNoClosed,816,72,155,174,27,22400
51,59,20260966,BFS,846,77,426,440,17,38100
51,59,20260966,Dijkstra,846,77,422,440,19,42700
51,59,20260966,AStarClosed,846,77,190,211,22,27500
51,59,20260966,AStarNoClosed,846,77,190,211,22,24200
51,60,20260967,BFS,852,78,468,484,17,44000
51,60,20260967,Dijkstra,852,78,458,472,15,54800
51,60,20260967,AStarClosed,852,78,191,220,30,43600
51,60,20260967,AStarNoClosed,852,78,191,220,30,31500
51,61,20260968,BFS,828,74,391,406,17,56200
51,61,20260968,Dijkstra,828,74,410,424,21,46500
51,61,20260968,AStarClosed,828,74,148,171,25,28300
51,61,20260968,AStarNoClosed,828,74,148,171,25,23600
51,62,20260969,BFS,810,71,252,259,9,28800
51,62,20260969,Dijkstra,810,71,250,257,9,28300
51,62,20260969,AStarClosed,810,71,136,148,15,23400
51,62,20260969,AStarNoClosed,810,71,136,148,15,20300
51,63,20260970,BFS,828,74,375,379,11,36400
51,63,20260970,Dijkstra,828,74,375,379,12,39400
51,63,20260970,AStarClosed,828,74,145,166,22,25600
51,63,20260970,AStarNoClosed,828,74,145,166,22,22300
51,64,20260971,BFS,810,71,345,350,11,34500
51,64,20260971,Dijkstra,810,71,343,348,11,35800
51,64,20260971,AStarClosed,810,71,149,173,25,26700
51,64,20260971,AStarNoClosed,810,71,149,173,25,22900
51,65,20260972,BFS,822,73,337,344,10,27200
51,65,20260972,Dijkstra,822,73,332,337,10,29300
51,65,20260972,AStarClosed,822,73,156,177,24,19900
51,65,20260972,AStarNoClosed,822,73,156,177,24,18000
51,66,20260973,BFS,846,77,359,363,14,27400
51,66,20260973,Dijkstra,846,77,359,364,14,33400
51,66,20260973,AStarClosed,846,77,172,191,21,21900
51,66,20260973,AStarNoClosed,846,77,172,191,21,19100
51,67,20260974,BFS,834,75,369,381,14,28000
51,67,20260974,Dijkstra,834,75,363,375,16,31300
51,67,20260974,AStarClosed,834,75,152,174,23,19000
51,67,20260974,AStarNoClosed,834,75,152,174,23,17300
51,68,20260975,BFS,846,77,283,290,8,23500
51,68,20260975,Dijkstra,846,77,277,284,9,24700
51,68,20260975,AStarClosed,846,77,149,169,21,18200
51,68,20260975,AStarNoClosed,846,77,149,169,21,16600
51,69,20260976,BFS,876,82,445,455,12,32500
51,69,20260976,Dijkstra,876,82,441,451,13,36700
51,69,20260976,AStarClosed,876,82,176,199,24,20900
51,69,20260976,AStarNoClosed,876,82,176,199,24,20900
51,70,20260977,BFS,870,81,321,334,14,25100
51,70,20260977,Dijkstra,870,81,313,327,15,27200
51,70,20260977,AStarClosed,870,81,139,167,29,18200
51,70,20260977,AStarNoClosed,870,81,139,167,29,16200
51,71,20260978,BFS,870,81,394,406,15,29500
51,71,20260978,Dijkstra,870,81,389,401,14,32500
51,71,20260978,AStarClosed,870,81,137,158,22,17000
51,71,20260978,AStarNoClosed,870,81,137,158,22,15400
51,72,20260979,BFS,798,69,347,360,17,26900
51,72,20260979,Dijkstra,798,69,325,339,18,28300
51,72,20260979,AStarClosed,798,69,142,159,19,17800
51,72,20260979,AStarNoClosed,798,69,142,159,19,15800
51,73,20260980,BFS,822,73,443,467,25,32400
51,73,20260980,Dijkstra,822,73,431,453,24,36000
51,73,20260980,AStarClosed,822,73,136,152,17,16500
51,73,20260980,AStarNoClosed,822,73,136,152,17,15000
51,74,20260981,BFS,816,72,271,275,12,21700
51,74,20260981,Dijkstra,816,72,272,276,11,24200
51,74,20260981,AStarClosed,816,72,144,164,21,18000
51,74,20260981,AStarNoClosed,816,72,144,164,21,16200
51,75,20260982,BFS,822,73,446,456,14,35800
51,75,20260982,Dijkstra,822,73,437,448,13,36800
51,75,20260982,AStarClosed,822,73,162,188,27,19900
51,75,20260982,AStarNoClosed,822,73,162,188,27,18500
51,76,20260983,BFS,852,78,428,440,16,32100
51,76,20260983,Dijkstra,852,78,418,431,16,35500
51,76,20260983,AStarClosed,852,78,172,193,22,20100
51,76,20260983,AStarNoClosed,852,78,172,193,22,18500
51,77,20260984,BFS,822,73,331,338,9,26900
51,77,20260984,Dijkstra,822,73,327,333,10,28500
51,77,20260984,AStarClosed,822,73,155,177,23,19100
51,77,20260984,AStarNoClosed,822,73,155,177,23,17300
51,78,20260985,BFS,822,73,411,419,12,29800
51,78,20260985,Dijkstra,822,73,414,422,13,34200
51,78,20260985,AStarClosed,822,73,138,163,26,17500
51,78,20260985,AStarNoClosed,822,73,138,163,26,15900
51,79,20260986,BFS,840,76,354,363,13,26800
51,79,20260986,Dijkstra,840,76,341,352,12,29200
51,79,20260986,AStarClosed,840,76,153,171,19,18100
51,79,20260986,AStarNoClosed,840,76,153,171,19,16500
51,80,20260987,BFS,804,70,194,197,9,18700
51,80,20260987,Dijkstra,804,70,194,197,8,21100
51,80,20260987,AStarClosed,804,70,130,139,11,16500
51,80,20260987,AStarNoClosed,804,70,130,139,11,17100
51,81,20260988,BFS,798,69,317,325,13,24400
51,81,20260988,Dijkstra,798,69,320,326,12,28200
51,81,20260988,AStarClosed,798,69,127,150,24,16500
51,81,20260988,AStarNoClosed,798,69,127,150,24,15300
51,82,20260989,BFS,804,70,322,334,14,24800
51,82,20260989,Dijkstra,804,70,320,330,14,27900
51,82,20260989,AStarClosed,804,70,153,173,21,18700
51,82,20260989,AStarNoClosed,804,70,153,173,21,16900
51,83,20260990,BFS,822,73,297,305,9,25300
51,83,20260990,Dijkstra,822,73,297,305,10,26200
51,83,20260990,AStarClosed,822,73,157,177,21,19000
51,83,20260990,AStarNoClosed,822,73,157,177,21,20000
51,84,20260991,BFS,840,76,375,390,18,34600
51,84,20260991,Dijkstra,840,76,376,388,19,38800
51,84,20260991,AStarClosed,840,76,171,191,21,27100
51,84,20260991,AStarNoClosed,840,76,171,191,21,23700
51,85,20260992,BFS,834,75,310,317,10,29600
51,85,20260992,Dijkstra,834,75,309,315,11,32800
51,85,20260992,AStarClosed,834,75,135,159,25,23600
51,85,20260992,AStarNoClosed,834,75,135,159,25,21000
51,86,20260993,BFS,816,72,317,331,15,30700
51,86,20260993,Dijkstra,816,72,311,326,16,33200
51,86,20260993,AStarClosed,816,72,143,157,15,24100
51,86,20260993,AStarNoClosed,816,72,143,157,15,20800
51,87,20260994,BFS,840,76,315,321,10,31000
51,87,20260994,Dijkstra,840,76,308,314,10,32400
51,87,20260994,AStarClosed,840,76,140,159,20,24100
51,87,20260994,AStarNoClosed,840,76,140,159,20,20500
51,88,20260995,BFS,876,82,514,526,20,44400
51,88,20260995,Dijkstra,876,82,506,517,19,49000
51,88,20260995,AStarClosed,876,82,187,210,24,27800
51,88,20260995,AStarNoClosed,876,82,187,210,24,25100
51,89,20260996,BFS,828,74,337,348,13,32800
51,89,20260996,Dijkstra,828,74,342,355,15,36500
51,89,20260996,AStarClosed,828,74,134,160,27,23700
51,89,20260996,AStarNoClosed,828,74,134,160,27,20800
51,90,20260997,BFS,804,70,201,208,8,22400
51,90,20260997,Dijkstra,804,70,198,203,7,22900
51,90,20260997,AStarClosed,804,70,142,157,16,18800
51,90,20260997,AStarNoClosed,804,70,142,157,16,15600
51,91,20260998,BFS,840,76,443,452,15,32600
51,91,20260998,Dijkstra,840,76,436,446,17,36500
51,91,20260998,AStarClosed,840,76,155,175,21,19200
51,91,20260998,AStarNoClosed,840,76,155,175,21,17200
51,92,20260999,BFS,846,77,269,275,10,21300
51,92,20260999,Dijkstra,846,77,266,272,10,25900
51,92,20260999,AStarClosed,846,77,137,155,19,16800
51,92,20260999,AStarNoClosed,846,77,137,155,19,15200
51,93,20261000,BFS,816,72,339,346,16,30300
51,93,20261000,Dijkstra,816,72,343,349,14,30000
51,93,20261000,AStarClosed,816,72,140,162,23,17400
51,93,20261000,AStarNoClosed,816,72,140,162,23,15700
51,94,20261001,BFS,828,74,256,263,10,20600
51,94,20261001,Dijkstra,828,74,254,261,11,22900
51,94,20261001,AStarClosed,828,74,165,180,18,19500
51,94,20261001,AStarNoClosed,828,74,165,180,18,17800
51,95,20261002,BFS,876,82,425,430,12,30800
51,95,20261002,Dijkstra,876,82,425,430,12,35200
51,95,20261002,AStarClosed,876,82,154,182,29,18700
51,95,20261002,AStarNoClosed,876,82,154,182,29,17100
51,96,20261003,BFS,792,68,234,236,8,19200
51,96,20261003,Dijkstra,792,68,235,237,7,21200
51,96,20261003,AStarClosed,792,68,130,151,24,16600
51,96,20261003,AStarNoClosed,792,68,130,151,24,15000
51,97,20261004,BFS,834,75,551,564,20,38800
51,97,20261004,Dijkstra,834,75,526,541,21,43100
51,97,20261004,AStarClosed,834,75,155,180,26,18400
51,97,20261004,AStarNoClosed,834,75,155,180,26,16700
51,98,20261005,BFS,816,72,360,369,11,27100
51,98,20261005,Dijkstra,816,72,358,366,12,31000
51,98,20261005,AStarClosed,816,72,154,179,26,19100
51,98,20261005,AStarNoClosed,816,72,154,179,26,19200
51,99,20261006,BFS,810,71,308,316,10,24100
51,99,20261006,Dijkstra,810,71,305,313,9,26700
51,99,20261006,AStarClosed,810,71,134,158,26,17100
51,99,20261006,AStarNoClosed,810,71,134,158,26,15200
51,100,20261007,BFS,822,73,320,327,10,24500
51,100,20261007,Dijkstra,822,73,316,324,10,27300
51,100,20261007,AStarClosed,822,73,155,178,24,18600
51,100,20261007,AStarNoClosed,822,73,155,178,24,17200
51,101,20261008,BFS,822,73,287,292,11,22500
51,101,20261008,Dijkstra,822,73,285,290,11,24900
51,101,20261008,AStarClosed,822,73,166,187,23,19700
51,101,20261008,AStarNoClosed,822,73,166,187,23,18300
51,102,20261009,BFS,840,76,333,342,13,25100
51,102,20261009,Dijkstra,840,76,334,342,13,28700
51,102,20261009,AStarClosed,840,76,168,186,19,19400
51,102,20261009,AStarNoClosed,840,76,168,186,19,17700
51,103,20261010,BFS,816,72,370,376,12,27500
51,103,20261010,Dijkstra,816,72,369,376,11,31500
51,103,20261010,AStarClosed,816,72,173,196,24,20600
51,103,20261010,AStarNoClosed,816,72,173,196,24,18500
51,104,20261011,BFS,822,73,368,373,14,27300
51,104,20261011,Dijkstra,822,73,366,371,14,31000
51,104,20261011,AStarClosed,822,73,158,181,25,19100
51,104,20261011,AStarNoClosed,822,73,158,181,25,17400
51,105,20261012,BFS,870,81,374,382,13,27800
51,105,20261012,Dijkstra,870,81,365,377,14,31100
51,105,20261012,AStarClosed,870,81,135,156,22,16600
51,105,20261012,AStarNoClosed,870,81,135,156,22,15200
51,106,20261013,BFS,828,74,340,350,15,26400
51,106,20261013,Dijkstra,828,74,340,349,14,33200
51,106,20261013,AStarClosed,828,74,142,166,25,18000
51,106,20261013,AStarNoClosed,828,74,142,166,25,19500
51,107,20261014,BFS,840,76,334,341,13,25600
51,107,20261014,Dijkstra,840,76,330,337,13,29800
51,107,20261014,AStarClosed,840,76,166,182,18,20100
51,107,20261014,AStarNoClosed,840,76,166,182,18,17500
51,108,20261015,BFS,822,73,397,406,14,29300
51,108,20261015,Dijkstra,822,73,397,406,13,33100
51,108,20261015,AStarClosed,822,73,160,185,27,19000
51,108,20261015,AStarNoClosed,822,73,160,185,27,17400
51,109,20261016,BFS,798,69,368,383,18,29100
51,109,20261016,Dijkstra,798,69,368,382,17,31500
51,109,20261016,AStarClosed,798,69,149,169,21,18100
51,109,20261016,AStarNoClosed,798,69,149,169,21,16500
51,110,20261017,BFS,840,76,351,357,10,27100
51,110,20261017,Dijkstra,840,76,347,354,10,29700
51,110,20261017,AStarClosed,840,76,186,209,24,20800
51,110,20261017,AStarNoClosed,840,76,186,209,24,19400
51,111,20261018,BFS,882,83,446,452,13,32300
51,111,20261018,Dijkstra,882,83,438,443,13,35700
51,111,20261018,AStarClosed,882,83,163,185,23,18500
51,111,20261018,AStarNoClosed,882,83,163,185,23,17000
51,112,20261019,BFS,810,71,297,303,10,23100
51,112,20261019,Dijkstra,810,71,297,302,10,25800
51,112,20261019,AStarClosed,810,71,149,165,18,17400
51,112,20261019,AStarNoClosed,810,71,149,165,18,16300
51,113,20261020,BFS,810,71,367,382,19,27500
51,113,20261020,Dijkstra,810,71,349,365,17,30100
51,113,20261020,AStarClosed,810,71,144,159,16,17600
51,113,20261020,AStarNoClosed,810,71,144,159,16,15800
51,114,20261021,BFS,834,75,401,408,18,29700
51,114,20261021,Dijkstra,834,75,399,406,18,33800
51,114,20261021,AStarClosed,834,75,171,192,22,20000
51,114,20261021,AStarNoClosed,834,75,171,192,22,18400
51,115,20261022,BFS,846,77,388,402,17,29000
51,115,20261022,Dijkstra,846,77,375,390,17,32000
51,115,20261022,AStarClosed,846,77,165,189,25,19500
51,115,20261022,AStarNoClosed,846,77,165,189,25,17800
51,116,20261023,BFS,852,78,235,242,11,20200
51,116,20261023,Dijkstra,852,78,226,236,11,20300
51,116,20261023,AStarClosed,852,78,144,160,17,17700
51,116,20261023,AStarNoClosed,852,78,144,160,17,16000
51,117,20261024,BFS,852,78,476,490,16,34400
51,117,20261024,Dijkstra,852,78,463,476,15,38600
51,117,20261024,AStarClosed,852,78,183,213,31,21000
51,117,20261024,AStarNoClosed,852,78,183,213,31,19800
51,118,20261025,BFS,840,76,337,344,12,25500
51,118,20261025,Dijkstra,840,76,330,340,11,28500
51,118,20261025,AStarClosed,840,76,180,201,22,20900
51,118,20261025,AStarNoClosed,840,76,180,201,22,19000
51,119,20261026,BFS,810,71,366,377,18,27600
51,119,20261026,Dijkstra,810,71,354,368,17,30500
51,119,20261026,AStarClosed,810,71,169,185,25,19600
51,119,20261026,AStarNoClosed,810,71,169,185,25,18200
51,120,20261027,BFS,822,73,343,360,18,26100
51,120,20261027,Dijkstra,822,73,333,345,13,28800
51,120,20261027,AStarClosed,822,73,143,163,21,17600
51,120,20261027,AStarNoClosed,822,73,143,163,21,15900
51,121,20261028,BFS,834,75,432,443,18,31700
51,121,20261028,Dijkstra,834,75,420,430,17,35400
51,121,20261028,AStarClosed,834,75,130,147,18,16300
51,121,20261028,AStarNoClosed,834,75,130,147,18,15100
51,122,20261029,BFS,798,69,330,345,17,25800
51,122,20261029,Dijkstra,798,69,331,347,17,29600
51,122,20261029,AStarClosed,798,69,148,165,20,22300
51,122,20261029,AStarNoClosed,798,69,148,165,20,18900
51,123,20261030,BFS,864,80,350,359,11,26200
51,123,20261030,Dijkstra,864,80,340,348,9,30900
51,123,20261030,AStarClosed,864,80,178,198,21,25300
51,123,20261030,AStarNoClosed,864,80,178,198,21,23800
51,124,20261031,BFS,810,71,242,246,7,23800
51,124,20261031,Dijkstra,810,71,243,247,7,22600
51,124,20261031,AStarClosed,810,71,156,171,22,27400
51,124,20261031,AStarNoClosed,810,71,156,171,22,19500
51,125,20261032,BFS,834,75,321,328,9,26200
51,125,20261032,Dijkstra,834,75,314,321,9,27500
51,125,20261032,AStarClosed,834,75,146,163,18,20600
51,125,20261032,AStarNoClosed,834,75,146,163,18,17400
51,126,20261033,BFS,810,71,280,287,10,22500
51,126,20261033,Dijkstra,810,71,282,289,10,25800
51,126,20261033,AStarClosed,810,71,130,151,22,16900
51,126,20261033,AStarNoClosed,810,71,130,151,22,15200
51,127,20261034,BFS,840,76,361,368,15,27400
51,127,20261034,Dijkstra,840,76,357,363,15,30600
51,127,20261034,AStarClosed,840,76,143,165,23,18700
51,127,20261034,AStarNoClosed,840,76,143,165,23,15800
51,128,20261035,BFS,834,75,351,358,14,26700
51,128,20261035,Dijkstra,834,75,349,358,13,30000
51,128,20261035,AStarClosed,834,75,146,169,24,17800
51,128,20261035,AStarNoClosed,834,75,146,169,24,16100
51,129,20261036,BFS,828,74,417,428,13,35700
51,129,20261036,Dijkstra,828,74,408,418,14,35800
51,129,20261036,AStarClosed,828,74,143,166,24,22900
51,129,20261036,AStarNoClosed,828,74,143,166,24,16300
51,130,20261037,BFS,834,75,345,353,11,28500
51,130,20261037,Dijkstra,834,75,347,354,10,32600
51,130,20261037,AStarClosed,834,75,166,190,25,24100
51,130,20261037,AStarNoClosed,834,75,166,190,25,87900
51,131,20261038,BFS,816,72,325,331,10,31400
51,131,20261038,Dijkstra,816,72,325,331,12,33700
51,131,20261038,AStarClosed,816,72,153,175,26,25000
51,131,20261038,AStarNoClosed,816,72,153,175,26,24500
51,132,20261039,BFS,792,68,346,355,14,31900
51,132,20261039,Dijkstra,792,68,350,359,13,35200
51,132,20261039,AStarClosed,792,68,141,163,23,23100
51,132,20261039,AStarNoClosed,792,68,141,163,23,20300
51,133,20261040,BFS,852,78,429,448,21,39300
51,133,20261040,Dijkstra,852,78,388,402,17,38200
51,133,20261040,AStarClosed,852,78,141,159,19,23200
51,133,20261040,AStarNoClosed,852,78,141,159,19,20100
51,134,20261041,BFS,798,69,382,389,14,33900
51,134,20261041,Dijkstra,798,69,381,387,14,39400
51,134,20261041,AStarClosed,798,69,139,161,23,23900
51,134,20261041,AStarNoClosed,798,69,139,161,23,21300
51,135,20261042,BFS,870,81,463,470,19,40900
51,135,20261042,Dijkstra,870,81,443,452,20,45000
51,135,20261042,AStarClosed,870,81,140,153,14,23600
51,135,20261042,AStarNoClosed,870,81,140,153,14,19800
51,136,20261043,BFS,828,74,409,421,16,38000
51,136,20261043,Dijkstra,828,74,409,421,14,42100
51,136,20261043,AStarClosed,828,74,166,190,25,28000
51,136,20261043,AStarNoClosed,828,74,166,190,25,24400
51,137,20261044,BFS,822,73,474,487,18,42900
51,137,20261044,Dijkstra,822,73,466,481,18,46900
51,137,20261044,AStarClosed,822,73,162,188,27,26900
51,137,20261044,AStarNoClosed,822,73,162,188,27,23700
51,138,20261045,BFS,864,80,440,452,17,40100
51,138,20261045,Dijkstra,864,80,434,444,17,45000
51,138,20261045,AStarClosed,864,80,167,181,23,27400
51,138,20261045,AStarNoClosed,864,80,167,181,23,23800
51,139,20261046,BFS,864,80,427,433,14,38300
51,139,20261046,Dijkstra,864,80,420,427,14,42100
51,139,20261046,AStarClosed,864,80,173,190,23,27600
51,139,20261046,AStarNoClosed,864,80,173,190,23,24400
51,140,20261047,BFS,894,85,366,374,12,34600
51,140,20261047,Dijkstra,894,85,358,364,12,36900
51,140,20261047,AStarClosed,894,85,139,160,22,23500
51,140,20261047,AStarNoClosed,894,85,139,160,22,20100
51,141,20261048,BFS,810,71,323,339,17,32000
51,141,20261048,Dijkstra,810,71,321,336,17,34600
51,141,20261048,AStarClosed,810,71,139,158,20,25000
51,141,20261048,AStarNoClosed,810,71,139,158,20,21700
51,142,20261049,BFS,828,74,298,302,9,30000
51,142,20261049,Dijkstra,828,74,300,304,8,32100
51,142,20261049,AStarClosed,828,74,164,189,26,27000
51,142,20261049,AStarNoClosed,828,74,164,189,26,25800
51,143,20261050,BFS,864,80,517,532,17,45100
51,143,20261050,Dijkstra,864,80,496,513,18,50800
51,143,20261050,AStarClosed,864,80,177,204,28,28700
51,143,20261050,AStarNoClosed,864,80,177,204,28,25700
51,144,20261051,BFS,816,72,298,302,9,30000
51,144,20261051,Dijkstra,816,72,296,300,8,31900
51,144,20261051,AStarClosed,816,72,163,185,23,26600
51,144,20261051,AStarNoClosed,816,72,163,185,23,23800
51,145,20261052,BFS,852,78,274,281,10,27400
51,145,20261052,Dijkstra,852,78,270,276,10,29000
51,145,20261052,AStarClosed,852,78,184,201,20,27800
51,145,20261052,AStarNoClosed,852,78,184,201,20,23500
51,146,20261053,BFS,822,73,411,419,15,35300
51,146,20261053,Dijkstra,822,73,403,412,14,39100
51,146,20261053,AStarClosed,822,73,151,170,20,24000
51,146,20261053,AStarNoClosed,822,73,151,170,20,21800
51,147,20261054,BFS,846,77,269,277,10,27000
51,147,20261054,Dijkstra,846,77,269,277,9,30500
51,147,20261054,AStarClosed,846,77,140,158,19,22000
51,147,20261054,AStarNoClosed,846,77,140,158,19,19100
51,148,20261055,BFS,858,79,531,538,17,43100
51,148,20261055,Dijkstra,858,79,524,533,17,48500
51,148,20261055,AStarClosed,858,79,177,202,26,25900
51,148,20261055,AStarNoClosed,858,79,177,202,26,23000
51,149,20261056,BFS,834,75,388,393,12,33400
51,149,20261056,Dijkstra,834,75,382,389,12,38200
51,149,20261056,AStarClosed,834,75,155,184,30,24700
51,149,20261056,AStarNoClosed,834,75,155,184,30,21800
51,150,20261057,BFS,846,77,458,471,19,40400
51,150,20261057,Dijkstra,846,77,442,457,20,42800
51,150,20261057,AStarClosed,846,77,146,165,20,23600
51,150,20261057,AStarNoClosed,846,77,146,165,20,20900
51,151,20261058,BFS,822,73,260,266,8,27100
51,151,20261058,Dijkstra,822,73,258,264,8,27100
51,151,20261058,AStarClosed,822,73,130,152,23,22500
51,151,20261058,AStarNoClosed,822,73,130,152,23,18200
51,152,20261059,BFS,816,72,266,273,12,21600
51,152,20261059,Dijkstra,816,72,265,271,11,23700
51,152,20261059,AStarClosed,816,72,151,168,20,18600
51,152,20261059,AStarNoClosed,816,72,151,168,20,16800
51,153,20261060,BFS,816,72,316,328,15,24400
51,153,20261060,Dijkstra,816,72,304,316,17,27100
51,153,20261060,AStarClosed,816,72,146,161,16,18000
51,153,20261060,AStarNoClosed,816,72,146,161,16,16400
51,154,20261061,BFS,792,68,325,333,15,25900
51,154,20261061,Dijkstra,792,68,338,349,14,31000
51,154,20261061,AStarClosed,792,68,118,139,22,15800
51,154,20261061,AStarNoClosed,792,68,118,139,22,13900
51,155,20261062,BFS,864,80,301,309,13,23500
51,155,20261062,Dijkstra,864,80,302,310,12,26400
51,155,20261062,AStarClosed,864,80,154,171,18,18000
51,155,20261062,AStarNoClosed,864,80,154,171,18,16600
51,156,20261063,BFS,858,79,319,321,10,24400
51,156,20261063,Dijkstra,858,79,317,320,10,27600
51,156,20261063,AStarClosed,858,79,160,181,22,19200
51,156,20261063,AStarNoClosed,858,79,160,181,22,17700
51,157,20261064,BFS,822,73,291,300,13,22700
51,157,20261064,Dijkstra,822,73,285,294,12,24800
51,157,20261064,AStarClosed,822,73,136,150,15,16400
51,157,20261064,AStarNoClosed,822,73,136,150,15,14900
51,158,20261065,BFS,852,78,513,523,21,36300
51,158,20261065,Dijkstra,852,78,503,512,21,41200
51,158,20261065,AStarClosed,852,78,165,192,28,19500
51,158,20261065,AStarNoClosed,852,78,165,192,28,17900
51,159,20261066,BFS,810,71,288,295,9,22400
51,159,20261066,Dijkstra,810,71,285,292,8,24800
51,159,20261066,AStarClosed,810,71,173,197,28,19800
51,159,20261066,AStarNoClosed,810,71,173,197,28,18400
51,160,20261067,BFS,810,71,290,299,12,23700
51,160,20261067,Dijkstra,810,71,282,293,13,29000
51,160,20261067,AStarClosed,810,71,146,167,25,17900
51,160,20261067,AStarNoClosed,810,71,146,167,25,16500
51,161,20261068,BFS,834,75,320,328,12,24400
51,161,20261068,Dijkstra,834,75,318,324,11,27500
51,161,20261068,AStarClosed,834,75,159,179,21,19000
51,161,20261068,AStarNoClosed,834,75,159,179,21,17200
51,162,20261069,BFS,804,70,311,317,11,26300
51,162,20261069,Dijkstra,804,70,311,315,11,31900
51,162,20261069,AStarClosed,804,70,145,175,31,23400
51,162,20261069,AStarNoClosed,804,70,145,175,31,22600
51,163,20261070,BFS,828,74,282,288,10,25400
51,163,20261070,Dijkstra,828,74,279,285,10,32000
51,163,20261070,AStarClosed,828,74,141,157,17,17600
51,163,20261070,AStarNoClosed,828,74,141,157,17,17100
51,164,20261071,BFS,780,66,309,320,13,23800
51,164,20261071,Dijkstra,780,66,316,325,14,27500
51,164,20261071,AStarClosed,780,66,135,159,28,17300
51,164,20261071,AStarNoClosed,780,66,135,159,28,15400
51,165,20261072,BFS,816,72,336,344,11,25400
51,165,20261072,Dijkstra,816,72,337,345,11,29100
51,165,20261072,AStarClosed,816,72,141,168,28,18100
51,165,20261072,AStarNoClosed,816,72,141,168,28,16000
51,166,20261073,BFS,798,69,308,318,13,23800
51,166,20261073,Dijkstra,798,69,303,315,14,26300
51,166,20261073,AStarClosed,798,69,152,171,20,18100
51,166,20261073,AStarNoClosed,798,69,152,171,20,16500
51,167,20261074,BFS,846,77,263,271,10,20800
51,167,20261074,Dijkstra,846,77,257,265,9,22600
51,167,20261074,AStarClosed,846,77,159,180,22,18700
51,167,20261074,AStarNoClosed,846,77,159,180,22,17400
51,168,20261075,BFS,858,79,294,299,10,27000
51,168,20261075,Dijkstra,858,79,292,299,11,27600
51,168,20261075,AStarClosed,858,79,124,145,22,15900
51,168,20261075,AStarNoClosed,858,79,124,145,22,14000
51,169,20261076,BFS,870,81,434,443,16,38100
51,169,20261076,Dijkstra,870,81,430,438,13,42000
51,169,20261076,AStarClosed,870,81,181,200,20,26700
51,169,20261076,AStarNoClosed,870,81,181,200,20,23400
51,170,20261077,BFS,852,78,448,458,13,37900
51,170,20261077,Dijkstra,852,78,446,457,15,41300
51,170,20261077,AStarClosed,852,78,169,191,23,23600
51,170,20261077,AStarNoClosed,852,78,169,191,23,21100
51,171,20261078,BFS,816,72,485,493,19,43000
51,171,20261078,Dijkstra,816,72,480,490,19,45900
51,171,20261078,AStarClosed,816,72,159,178,20,24600
51,171,20261078,AStarNoClosed,816,72,159,178,20,22000
51,172,20261079,BFS,792,68,300,311,14,28400
51,172,20261079,Dijkstra,792,68,299,308,13,31200
51,172,20261079,AStarClosed,792,68,130,148,22,22600
51,172,20261079,AStarNoClosed,792,68,130,148,22,19200
51,173,20261080,BFS,810,71,392,409,18,35200
51,173,20261080,Dijkstra,810,71,378,392,15,37700
51,173,20261080,AStarClosed,810,71,139,159,21,23500
51,173,20261080,AStarNoClosed,810,71,139,159,21,20500
51,174,20261081,BFS,774,65,326,335,14,31100
51,174,20261081,Dijkstra,774,65,327,334,14,33500
51,174,20261081,AStarClosed,774,65,147,167,21,23400
51,174,20261081,AStarNoClosed,774,65,147,167,21,21000
51,175,20261082,BFS,834,75,408,420,14,36000
51,175,20261082,Dijkstra,834,75,393,405,13,39300
51,175,20261082,AStarClosed,834,75,160,180,21,24800
51,175,20261082,AStarNoClosed,834,75,160,180,21,22300
51,176,20261083,BFS,822,73,271,282,14,26400
51,176,20261083,Dijkstra,822,73,270,281,13,29000
51,176,20261083,AStarClosed,822,73,143,161,19,22900
51,176,20261083,AStarNoClosed,822,73,143,161,19,20300
51,177,20261084,BFS,834,75,490,506,22,42100
51,177,20261084,Dijkstra,834,75,477,492,25,46500
51,177,20261084,AStarClosed,834,75,155,174,20,23800
51,177,20261084,AStarNoClosed,834,75,155,174,20,23200
51,178,20261085,BFS,822,73,339,343,11,66800
51,178,20261085,Dijkstra,822,73,338,342,10,34300
51,178,20261085,AStarClosed,822,73,169,190,22,25400
51,178,20261085,AStarNoClosed,822,73,169,190,22,22600
51,179,20261086,BFS,822,73,361,369,14,32700
51,179,20261086,Dijkstra,822,73,359,367,13,36500
51,179,20261086,AStarClosed,822,73,179,197,23,26100
51,179,20261086,AStarNoClosed,822,73,179,197,23,23800
51,180,20261087,BFS,822,73,261,265,9,24600
51,180,20261087,Dijkstra,822,73,263,266,8,27600
51,180,20261087,AStarClosed,822,73,144,167,24,23500
51,180,20261087,AStarNoClosed,822,73,144,167,24,20800
51,181,20261088,BFS,810,71,323,328,10,29900
51,181,20261088,Dijkstra,810,71,321,326,12,33000
51,181,20261088,AStarClosed,810,71,130,155,26,22500
51,181,20261088,AStarNoClosed,810,71,130,155,26,19600
51,182,20261089,BFS,852,78,394,411,20,35900
51,182,20261089,Dijkstra,852,78,403,418,21,38300
51,182,20261089,AStarClosed,852,78,165,189,26,23500
51,182,20261089,AStarNoClosed,852,78,165,189,26,21000
51,183,20261090,BFS,774,65,282,291,12,25000
51,183,20261090,Dijkstra,774,65,289,299,13,29100
51,183,20261090,AStarClosed,774,65,115,136,22,19800
51,183,20261090,AStarNoClosed,774,65,115,136,22,16900
51,184,20261091,BFS,822,73,351,358,11,30100
51,184,20261091,Dijkstra,822,73,350,357,13,32600
51,184,20261091,AStarClosed,822,73,163,188,26,25600
51,184,20261091,AStarNoClosed,822,73,163,188,26,21900
51,185,20261092,BFS,834,75,256,265,11,24100
51,185,20261092,Dijkstra,834,75,262,271,11,26300
51,185,20261092,AStarClosed,834,75,155,177,23,21900
51,185,20261092,AStarNoClosed,834,75,155,177,23,19500
51,186,20261093,BFS,786,67,289,294,8,26300
51,186,20261093,Dijkstra,786,67,288,293,8,27000
51,186,20261093,AStarClosed,786,67,141,162,23,21100
51,186,20261093,AStarNoClosed,786,67,141,162,23,19200
51,187,20261094,BFS,828,74,378,388,13,31700
51,187,20261094,Dijkstra,828,74,373,384,13,34400
51,187,20261094,AStarClosed,828,74,157,177,21,22000
51,187,20261094,AStarNoClosed,828,74,157,177,21,19600
51,188,20261095,BFS,870,81,392,401,13,32700
51,188,20261095,Dijkstra,870,81,390,399,13,35300
51,188,20261095,AStarClosed,870,81,171,192,22,24300
51,188,20261095,AStarNoClosed,870,81,171,192,22,21000
51,189,20261096,BFS,846,77,304,311,10,26900
51,189,20261096,Dijkstra,846,77,303,310,10,29000
51,189,20261096,AStarClosed,846,77,162,185,26,24700
51,189,20261096,AStarNoClosed,846,77,162,185,26,22800
51,190,20261097,BFS,834,75,318,324,11,28200
51,190,20261097,Dijkstra,834,75,313,321,11,30600
51,190,20261097,AStarClosed,834,75,153,170,20,22500
51,190,20261097,AStarNoClosed,834,75,153,170,20,19300
51,191,20261098,BFS,816,72,312,326,16,27300
51,191,20261098,Dijkstra,816,72,299,311,16,28900
51,191,20261098,AStarClosed,816,72,155,173,19,21100
51,191,20261098,AStarNoClosed,816,72,155,173,19,19100
51,192,20261099,BFS,834,75,463,471,14,37300
51,192,20261099,Dijkstra,834,75,462,472,16,42700
51,192,20261099,AStarClosed,834,75,170,193,24,24300
51,192,20261099,AStarNoClosed,834,75,170,193,24,22200
51,193,20261100,BFS,846,77,396,405,11,32900
51,193,20261100,Dijkstra,846,77,391,398,12,36600
51,193,20261100,AStarClosed,846,77,167,189,23,23200
51,193,20261100,AStarNoClosed,846,77,167,189,23,21200
51,194,20261101,BFS,870,81,365,377,16,31200
51,194,20261101,Dijkstra,870,81,351,362,16,33200
51,194,20261101,AStarClosed,870,81,152,168,17,21800
51,194,20261101,AStarNoClosed,870,81,152,168,17,19800
51,195,20261102,BFS,786,67,286,293,13,25600
51,195,20261102,Dijkstra,786,67,287,293,12,28500
51,195,20261102,AStarClosed,786,67,130,153,24,20300
51,195,20261102,AStarNoClosed,786,67,130,153,24,17700
51,196,20261103,BFS,858,79,356,364,10,29600
51,196,20261103,Dijkstra,858,79,354,362,11,32600
51,196,20261103,AStarClosed,858,79,153,187,35,23700
51,196,20261103,AStarNoClosed,858,79,153,187,35,20600
51,197,20261104,BFS,840,76,501,508,17,41700
51,197,20261104,Dijkstra,840,76,498,505,16,44700
51,197,20261104,AStarClosed,840,76,170,192,23,23600
51,197,20261104,AStarNoClosed,840,76,170,192,23,21200
51,198,20261105,BFS,798,69,320,324,11,28700
51,198,20261105,Dijkstra,798,69,323,328,11,30800
51,198,20261105,AStarClosed,798,69,140,158,25,20000
51,198,20261105,AStarNoClosed,798,69,140,158,25,18200
51,199,20261106,BFS,846,77,435,445,13,34900
51,199,20261106,Dijkstra,846,77,431,440,14,40300
51,199,20261106,AStarClosed,846,77,172,200,29,27100
51,199,20261106,AStarNoClosed,846,77,172,200,29,22200
51,200,20261107,BFS,810,71,336,349,14,28100
51,200,20261107,Dijkstra,810,71,333,345,14,32300
51,200,20261107,AStarClosed,810,71,159,182,24,22300
51,200,20261107,AStarNoClosed,810,71,159,182,24,21000
51,201,20261108,BFS,798,69,311,322,14,26900
51,201,20261108,Dijkstra,798,69,293,306,14,27900
51,201,20261108,AStarClosed,798,69,158,174,26,22400
51,201,20261108,AStarNoClosed,798,69,158,174,26,19700
51,202,20261109,BFS,852,78,482,497,16,38400
51,202,20261109,Dijkstra,852,78,472,487,16,42900
51,202,20261109,AStarClosed,852,78,176,198,23,24500
51,202,20261109,AStarNoClosed,852,78,176,198,23,22600
51,203,20261110,BFS,870,81,371,389,19,31100
51,203,20261110,Dijkstra,870,81,356,370,16,33800
51,203,20261110,AStarClosed,870,81,164,180,17,21900
51,203,20261110,AStarNoClosed,870,81,164,180,17,19600
51,204,20261111,BFS,834,75,312,328,17,27200
51,204,20261111,Dijkstra,834,75,300,313,14,29100
51,204,20261111,AStarClosed,834,75,145,162,18,21300
51,204,20261111,AStarNoClosed,834,75,145,162,18,18500
51,205,20261112,BFS,870,81,332,340,10,27800
51,205,20261112,Dijkstra,870,81,331,339,12,31600
51,205,20261112,AStarClosed,870,81,185,206,22,27600
51,205,20261112,AStarNoClosed,870,81,185,206,22,24700
51,206,20261113,BFS,858,79,345,357,13,34400
51,206,20261113,Dijkstra,858,79,337,348,15,34500
51,206,20261113,AStarClosed,858,79,151,175,25,24500
51,206,20261113,AStarNoClosed,858,79,151,175,25,21300
51,207,20261114,BFS,822,73,416,429,15,35900
51,207,20261114,Dijkstra,822,73,391,404,16,38800
51,207,20261114,AStarClosed,822,73,175,194,22,26500
51,207,20261114,AStarNoClosed,822,73,175,194,22,23200
51,208,20261115,BFS,816,72,401,412,13,33400
51,208,20261115,Dijkstra,816,72,392,403,13,37500
51,208,20261115,AStarClosed,816,72,158,179,25,24500
51,208,20261115,AStarNoClosed,816,72,158,179,25,22000
51,209,20261116,BFS,834,75,369,384,17,34100
51,209,20261116,Dijkstra,834,75,355,370,16,35900
51,209,20261116,AStarClosed,834,75,162,181,20,25300
51,209,20261116,AStarNoClosed,834,75,162,181,20,22100
51,210,20261117,BFS,858,79,504,519,18,42600
51,210,20261117,Dijkstra,858,79,488,502,17,47000
51,210,20261117,AStarClosed,858,79,145,169,25,23600
51,210,20261117,AStarNoClosed,858,79,145,169,25,20400
51,211,20261118,BFS,810,71,353,366,16,32800
51,211,20261118,Dijkstra,810,71,342,354,18,35300
51,211,20261118,AStarClosed,810,71,123,147,25,22000
51,211,20261118,AStarNoClosed,810,71,123,147,25,18800
51,212,20261119,BFS,816,72,314,319,10,30000
51,212,20261119,Dijkstra,816,72,314,319,10,32400
51,212,20261119,AStarClosed,816,72,154,174,21,24400
51,212,20261119,AStarNoClosed,816,72,154,174,21,21400
51,213,20261120,BFS,798,69,244,248,8,26600
51,213,20261120,Dijkstra,798,69,244,248,9,27000
51,213,20261120,AStarClosed,798,69,130,155,26,23400
51,213,20261120,AStarNoClosed,798,69,130,155,26,20100
51,214,20261121,BFS,792,68,248,252,8,25700
51,214,20261121,Dijkstra,792,68,249,253,8,27500
51,214,20261121,AStarClosed,792,68,153,171,19,25000
51,214,20261121,AStarNoClosed,792,68,153,171,19,21900
51,215,20261122,BFS,840,76,386,395,13,34900
51,215,20261122,Dijkstra,840,76,384,394,14,39100
51,215,20261122,AStarClosed,840,76,136,168,33,24300
51,215,20261122,AStarNoClosed,840,76,136,168,33,21100
51,216,20261123,BFS,834,75,371,384,14,34400
51,216,20261123,Dijkstra,834,75,374,387,15,37400
51,216,20261123,AStarClosed,834,75,172,193,26,27600
51,216,20261123,AStarNoClosed,834,75,172,193,26,24800
51,217,20261124,BFS,804,70,341,355,15,32700
51,217,20261124,Dijkstra,804,70,339,352,14,35800
51,217,20261124,AStarClosed,804,70,155,185,31,26300
51,217,20261124,AStarNoClosed,804,70,155,185,31,22400
51,218,20261125,BFS,810,71,378,386,11,34600
51,218,20261125,Dijkstra,810,71,379,389,12,39100
51,218,20261125,AStarClosed,810,71,148,177,30,25600
51,218,20261125,AStarNoClosed,810,71,148,177,30,22400
51,219,20261126,BFS,810,71,327,335,15,32800
51,219,20261126,Dijkstra,810,71,321,329,14,33600
51,219,20261126,AStarClosed,810,71,172,191,25,27200
51,219,20261126,AStarNoClosed,810,71,172,191,25,24600
51,220,20261127,BFS,846,77,343,352,13,33000
51,220,20261127,Dijkstra,846,77,343,352,13,36100
51,220,20261127,AStarClosed,846,77,182,200,26,28500
51,220,20261127,AStarNoClosed,846,77,182,200,26,24800
51,221,20261128,BFS,870,81,438,461,27,39700
51,221,20261128,Dijkstra,870,81,407,430,25,42000
51,221,20261128,AStarClosed,870,81,166,184,19,26100
51,221,20261128,AStarNoClosed,870,81,166,184,19,22700
51,222,20261129,BFS,828,74,395,399,13,36300
51,222,20261129,Dijkstra,828,74,392,396,12,40200
51,222,20261129,AStarClosed,828,74,160,182,23,26400
51,222,20261129,AStarNoClosed,828,74,160,182,23,23900
51,223,20261130,BFS,828,74,420,432,15,38800
51,223,20261130,Dijkstra,828,74,414,425,14,42400
51,223,20261130,AStarClosed,828,74,155,173,21,26000
51,223,20261130,AStarNoClosed,828,74,155,173,21,22400
51,224,20261131,BFS,864,80,347,351,12,32900
51,224,20261131,Dijkstra,864,80,345,349,11,35400
51,224,20261131,AStarClosed,864,80,187,215,29,29300
51,224,20261131,AStarNoClosed,864,80,187,215,29,26100
51,225,20261132,BFS,804,70,296,305,14,29500
51,225,20261132,Dijkstra,804,70,302,309,14,38800
51,225,20261132,AStarClosed,804,70,121,140,20,22100
51,225,20261132,AStarNoClosed,804,70,121,140,20,19100
51,226,20261133,BFS,798,69,320,331,15,31900
51,226,20261133,Dijkstra,798,69,314,322,15,33200
51,226,20261133,AStarClosed,798,69,140,159,20,24000
51,226,20261133,AStarNoClosed,798,69,140,159,20,20700
51,227,20261134,BFS,846,77,342,357,16,33700
51,227,20261134,Dijkstra,846,77,331,345,15,34900
51,227,20261134,AStarClosed,846,77,153,164,16,25200
51,227,20261134,AStarNoClosed,846,77,153,164,16,22100
51,228,20261135,BFS,798,69,392,398,16,29900
51,228,20261135,Dijkstra,798,69,387,393,16,33700
51,228,20261135,AStarClosed,798,69,153,176,24,18700
51,228,20261135,AStarNoClosed,798,69,153,176,24,17200
51,229,20261136,BFS,810,71,318,329,12,24500
51,229,20261136,Dijkstra,810,71,315,324,11,27700
51,229,20261136,AStarClosed,810,71,163,194,32,19800
51,229,20261136,AStarNoClosed,810,71,163,194,32,18200
51,230,20261137,BFS,840,76,383,390,14,28800
51,230,20261137,Dijkstra,840,76,382,389,13,34000
51,230,20261137,AStarClosed,840,76,180,205,26,25500
51,230,20261137,AStarNoClosed,840,76,180,205,26,19700
51,231,20261138,BFS,840,76,335,341,12,25900
51,231,20261138,Dijkstra,840,76,334,341,11,29100
51,231,20261138,AStarClosed,840,76,170,191,22,19600
51,231,20261138,AStarNoClosed,840,76,170,191,22,18100
51,232,20261139,BFS,792,68,355,369,15,26900
51,232,20261139,Dijkstra,792,68,345,359,15,30500
51,232,20261139,AStarClosed,792,68,152,172,22,18400
51,232,20261139,AStarNoClosed,792,68,152,172,22,16800
51,233,20261140,BFS,846,77,231,236,10,23400
51,233,20261140,Dijkstra,846,77,227,234,10,23100
51,233,20261140,AStarClosed,846,77,164,184,21,23300
51,233,20261140,AStarNoClosed,846,77,164,184,21,20500
51,234,20261141,BFS,822,73,347,351,11,29900
51,234,20261141,Dijkstra,822,73,347,351,12,32700
51,234,20261141,AStarClosed,822,73,158,185,28,22800
51,234,20261141,AStarNoClosed,822,73,158,185,28,20000
51,235,20261142,BFS,834,75,405,416,12,33100
51,235,20261142,Dijkstra,834,75,401,410,12,36400
51,235,20261142,AStarClosed,834,75,182,210,29,24200
51,235,20261142,AStarNoClosed,834,75,182,210,29,22100
51,236,20261143,BFS,846,77,421,424,14,35100
51,236,20261143,Dijkstra,846,77,420,423,14,39600
51,236,20261143,AStarClosed,846,77,150,180,31,20900
51,236,20261143,AStarNoClosed,846,77,150,180,31,18600
51,237,20261144,BFS,840,76,238,247,11,22900
51,237,20261144,Dijkstra,840,76,235,245,11,25300
51,237,20261144,AStarClosed,840,76,142,164,23,22700
51,237,20261144,AStarNoClosed,840,76,142,164,23,19600
51,238,20261145,BFS,822,73,337,344,11,25800
51,238,20261145,Dijkstra,822,73,327,335,9,28500
51,238,20261145,AStarClosed,822,73,129,156,28,16200
51,238,20261145,AStarNoClosed,822,73,129,156,28,15000
51,239,20261146,BFS,840,76,385,394,14,28600
51,239,20261146,Dijkstra,840,76,385,394,14,33500
51,239,20261146,AStarClosed,840,76,153,179,27,18300
51,239,20261146,AStarNoClosed,840,76,153,179,27,17000
51,240,20261147,BFS,810,71,383,389,13,28300
51,240,20261147,Dijkstra,810,71,385,390,15,32800
51,240,20261147,AStarClosed,810,71,169,196,29,20300
51,240,20261147,AStarNoClosed,810,71,169,196,29,23300
51,241,20261148,BFS,828,74,274,277,9,23000
51,241,20261148,Dijkstra,828,74,271,275,8,23800
51,241,20261148,AStarClosed,828,74,150,170,21,18400
51,241,20261148,AStarNoClosed,828,74,150,170,21,17600
51,242,20261149,BFS,840,76,351,358,11,27800
51,242,20261149,Dijkstra,840,76,351,359,10,29900
51,242,20261149,AStarClosed,840,76,191,215,25,21400
51,242,20261149,AStarNoClosed,840,76,191,215,25,19700
51,243,20261150,BFS,804,70,223,227,7,18500
51,243,20261150,Dijkstra,804,70,224,228,7,20400
51,243,20261150,AStarClosed,804,70,134,151,18,16800
51,243,20261150,AStarNoClosed,804,70,134,151,18,14800
51,244,20261151,BFS,810,71,239,247,11,19600
51,244,20261151,Dijkstra,810,71,243,252,11,21900
51,244,20261151,AStarClosed,810,71,147,166,21,18300
51,244,20261151,AStarNoClosed,810,71,147,166,21,16200
51,245,20261152,BFS,804,70,325,330,12,25100
51,245,20261152,Dijkstra,804,70,328,332,12,28800
51,245,20261152,AStarClosed,804,70,147,165,21,18300
51,245,20261152,AStarNoClosed,804,70,147,165,21,16500
51,246,20261153,BFS,882,83,382,389,11,28700
51,246,20261153,Dijkstra,882,83,378,384,13,33100
51,246,20261153,AStarClosed,882,83,171,188,18,22500
51,246,20261153,AStarNoClosed,882,83,171,188,18,17900
51,247,20261154,BFS,858,79,344,351,15,28900
51,247,20261154,Dijkstra,858,79,337,344,14,29000
51,247,20261154,AStarClosed,858,79,165,180,18,22800
51,247,20261154,AStarNoClosed,858,79,165,180,18,17800
51,248,20261155,BFS,840,76,381,392,13,28800
51,248,20261155,Dijkstra,840,76,379,390,12,31900
51,248,20261155,AStarClosed,840,76,168,192,25,20000
51,248,20261155,AStarNoClosed,840,76,168,192,25,18300
51,249,20261156,BFS,828,74,447,455,17,32500
51,249,20261156,Dijkstra,828,74,447,455,19,38200
51,249,20261156,AStarClosed,828,74,153,176,24,25500
51,249,20261156,AStarNoClosed,828,74,153,176,24,21800
51,250,20261157,BFS,840,76,333,348,16,32700
51,250,20261157,Dijkstra,840,76,323,336,15,34500
51,250,20261157,AStarClosed,840,76,135,158,24,23500
51,250,20261157,AStarNoClosed,840,76,135,158,24,20300
51,251,20261158,BFS,870,81,415,429,16,38600
51,251,20261158,Dijkstra,870,81,395,410,19,40600
51,251,20261158,AStarClosed,870,81,157,178,22,25700
51,251,20261158,AStarNoClosed,870,81,157,178,22,22300
51,252,20261159,BFS,828,74,341,346,9,32900
51,252,20261159,Dijkstra,828,74,342,348,9,34300
51,252,20261159,AStarClosed,828,74,174,197,24,27400
51,252,20261159,AStarNoClosed,828,74,174,197,24,24600
51,253,20261160,BFS,828,74,286,290,10,28600
51,253,20261160,Dijkstra,828,74,286,290,10,30200
51,253,20261160,AStarClosed,828,74,171,200,30,27600
51,253,20261160,AStarNoClosed,828,74,171,200,30,24200
51,254,20261161,BFS,816,72,328,333,10,32000
51,254,20261161,Dijkstra,816,72,328,333,10,35000
51,254,20261161,AStarClosed,816,72,162,188,27,26800
51,254,20261161,AStarNoClosed,816,72,162,188,27,23300
51,255,20261162,BFS,822,73,460,468,16,40600
51,255,20261162,Dijkstra,822,73,457,465,17,45200
51,255,20261162,AStarClosed,822,73,169,191,23,28800
51,255,20261162,AStarNoClosed,822,73,169,191,23,23300
51,256,20261163,BFS,864,80,457,471,15,41000
51,256,20261163,Dijkstra,864,80,444,457,17,44100
51,256,20261163,AStarClosed,864,80,168,191,24,26600
51,256,20261163,AStarNoClosed,864,80,168,191,24,23000
51,257,20261164,BFS,894,85,390,394,13,35400
51,257,20261164,Dijkstra,894,85,384,387,13,38900
51,257,20261164,AStarClosed,894,85,142,160,19,23500
51,257,20261164,AStarNoClosed,894,85,142,160,19,20200
51,258,20261165,BFS,834,75,440,448,16,39500
51,258,20261165,Dijkstra,834,75,432,441,16,43500
51,258,20261165,AStarClosed,834,75,146,171,26,24700
51,258,20261165,AStarNoClosed,834,75,146,171,26,21500
51,259,20261166,BFS,822,73,365,369,12,33800
51,259,20261166,Dijkstra,822,73,364,368,12,37200
51,259,20261166,AStarClosed,822,73,161,184,24,27200
51,259,20261166,AStarNoClosed,822,73,161,184,24,23100
51,260,20261167,BFS,840,76,362,373,12,34000
51,260,20261167,Dijkstra,840,76,356,366,12,36400
51,260,20261167,AStarClosed,840,76,173,196,24,27100
51,260,20261167,AStarNoClosed,840,76,173,196,24,23700
51,261,20261168,BFS,822,73,338,348,15,31300
51,261,20261168,Dijkstra,822,73,328,339,15,33700
51,261,20261168,AStarClosed,822,73,132,155,24,22200
51,261,20261168,AStarNoClosed,822,73,132,155,24,19400
51,262,20261169,BFS,834,75,253,263,12,31800
51,262,20261169,Dijkstra,834,75,251,260,12,31700
51,262,20261169,AStarClosed,834,75,135,151,17,26300
51,262,20261169,AStarNoClosed,834,75,135,151,17,22500
51,263,20261170,BFS,810,71,411,426,17,40400
51,263,20261170,Dijkstra,810,71,399,417,19,44000
51,263,20261170,AStarClosed,810,71,147,169,23,27600
51,263,20261170,AStarNoClosed,810,71,147,169,23,24700
51,264,20261171,BFS,822,73,419,429,20,40400
51,264,20261171,Dijkstra,822,73,422,429,18,46900
51,264,20261171,AStarClosed,822,73,147,165,19,26600
51,264,20261171,AStarNoClosed,822,73,147,165,19,22600
51,265,20261172,BFS,822,73,393,396,16,38000
51,265,20261172,Dijkstra,822,73,393,396,17,38900
51,265,20261172,AStarClosed,822,73,183,208,28,28900
51,265,20261172,AStarNoClosed,822,73,183,208,28,25300
51,266,20261173,BFS,828,74,443,451,17,40200
51,266,20261173,Dijkstra,828,74,438,446,17,44300
51,266,20261173,AStarClosed,828,74,173,197,25,27300
51,266,20261173,AStarNoClosed,828,74,173,197,25,24200
51,267,20261174,BFS,840,76,444,459,18,40200
51,267,20261174,Dijkstra,840,76,459,473,20,46000
51,267,20261174,AStarClosed,840,76,182,207,26,27800
51,267,20261174,AStarNoClosed,840,76,182,207,26,32400
51,268,20261175,BFS,834,75,313,319,12,24600
51,268,20261175,Dijkstra,834,75,311,315,12,27400
51,268,20261175,AStarClosed,834,75,153,173,21,18800
51,268,20261175,AStarNoClosed,834,75,153,173,21,17200
51,269,20261176,BFS,798,69,245,250,8,20000
51,269,20261176,Dijkstra,798,69,245,250,10,22000
51,269,20261176,AStarClosed,798,69,139,165,27,17500
51,269,20261176,AStarNoClosed,798,69,139,165,27,18800
51,270,20261177,BFS,852,78,478,491,19,36800
51,270,20261177,Dijkstra,852,78,467,479,19,38800
51,270,20261177,AStarClosed,852,78,175,197,23,20000
51,270,20261177,AStarNoClosed,852,78,175,197,23,18500
51,271,20261178,BFS,834,75,329,333,11,29600
51,271,20261178,Dijkstra,834,75,329,333,11,32200
51,271,20261178,AStarClosed,834,75,141,161,21,21000
51,271,20261178,AStarNoClosed,834,75,141,161,21,18000
51,272,20261179,BFS,852,78,555,569,16,44700
51,272,20261179,Dijkstra,852,78,550,564,16,51100
51,272,20261179,AStarClosed,852,78,182,201,20,27000
51,272,20261179,AStarNoClosed,852,78,182,201,20,24300
51,273,20261180,BFS,864,80,457,471,16,39900
51,273,20261180,Dijkstra,864,80,442,455,14,43600
51,273,20261180,AStarClosed,864,80,144,167,24,23500
51,273,20261180,AStarNoClosed,864,80,144,167,24,19400
51,274,20261181,BFS,840,76,463,474,15,34700
51,274,20261181,Dijkstra,840,76,457,466,15,38200
51,274,20261181,AStarClosed,840,76,162,185,24,19700
51,274,20261181,AStarNoClosed,840,76,162,185,24,22800
51,275,20261182,BFS,810,71,280,286,10,24300
51,275,20261182,Dijkstra,810,71,283,289,10,29300
51,275,20261182,AStarClosed,810,71,155,180,26,24600
51,275,20261182,AStarNoClosed,810,71,155,180,26,17300
51,276,20261183,BFS,840,76,305,310,10,23500
51,276,20261183,Dijkstra,840,76,301,305,10,26100
51,276,20261183,AStarClosed,840,76,167,189,23,21600
51,276,20261183,AStarNoClosed,840,76,167,189,23,17700
51,277,20261184,BFS,828,74,366,375,12,27400
51,277,20261184,Dijkstra,828,74,353,362,14,30100
51,277,20261184,AStarClosed,828,74,135,155,21,16500
51,277,20261184,AStarNoClosed,828,74,135,155,21,15000
51,278,20261185,BFS,852,78,426,433,12,31400
51,278,20261185,Dijkstra,852,78,418,427,12,35000
51,278,20261185,AStarClosed,852,78,195,220,26,22000
51,278,20261185,AStarNoClosed,852,78,195,220,26,20100
51,279,20261186,BFS,858,79,473,483,16,33600
51,279,20261186,Dijkstra,858,79,461,470,17,37300
51,279,20261186,AStarClosed,858,79,154,177,24,18000
51,279,20261186,AStarNoClosed,858,79,154,177,24,16800
51,280,20261187,BFS,828,74,274,282,12,21300
51,280,20261187,Dijkstra,828,74,269,281,14,23900
51,280,20261187,AStarClosed,828,74,146,160,18,17600
51,280,20261187,AStarNoClosed,828,74,146,160,18,15900
51,281,20261188,BFS,834,75,396,406,16,29900
51,281,20261188,Dijkstra,834,75,394,403,15,32600
51,281,20261188,AStarClosed,834,75,171,199,29,20400
51,281,20261188,AStarNoClosed,834,75,171,199,29,18500
51,282,20261189,BFS,840,76,364,381,19,27300
51,282,20261189,Dijkstra,840,76,346,363,20,29600
51,282,20261189,AStarClosed,840,76,167,189,23,19500
51,282,20261189,AStarNoClosed,840,76,167,189,23,17600
51,283,20261190,BFS,858,79,281,294,14,21700
51,283,20261190,Dijkstra,858,79,266,275,13,32300
51,283,20261190,AStarClosed,858,79,134,153,20,42700
51,283,20261190,AStarNoClosed,858,79,134,153,20,16400
51,284,20261191,BFS,888,84,475,481,19,38400
51,284,20261191,Dijkstra,888,84,467,474,17,55100
51,284,20261191,AStarClosed,888,84,166,184,19,23600
51,284,20261191,AStarNoClosed,888,84,166,184,19,20500
51,285,20261192,BFS,834,75,379,389,12,31100
51,285,20261192,Dijkstra,834,75,372,382,11,33700
51,285,20261192,AStarClosed,834,75,165,190,26,22600
51,285,20261192,AStarNoClosed,834,75,165,190,26,19700
51,286,20261193,BFS,834,75,433,440,17,34200
51,286,20261193,Dijkstra,834,75,431,438,15,37900
51,286,20261193,AStarClosed,834,75,168,189,22,22200
51,286,20261193,AStarNoClosed,834,75,168,189,22,20100
51,287,20261194,BFS,810,71,324,328,10,27300
51,287,20261194,Dijkstra,810,71,325,329,11,30300
51,287,20261194,AStarClosed,810,71,159,179,22,21800
51,287,20261194,AStarNoClosed,810,71,159,179,22,19800
51,288,20261195,BFS,804,70,340,344,12,28400
51,288,20261195,Dijkstra,804,70,341,346,12,31100
51,288,20261195,AStarClosed,804,70,136,160,25,20500
51,288,20261195,AStarNoClosed,804,70,136,160,25,17800
51,289,20261196,BFS,834,75,354,362,12,29700
51,289,20261196,Dijkstra,834,75,346,356,12,31900
51,289,20261196,AStarClosed,834,75,174,192,19,23300
51,289,20261196,AStarNoClosed,834,75,174,192,19,21100
51,290,20261197,BFS,840,76,321,325,13,27500
51,290,20261197,Dijkstra,840,76,319,323,13,40600
51,290,20261197,AStarClosed,840,76,151,169,19,28100
51,290,20261197,AStarNoClosed,840,76,151,169,19,22400
51,291,20261198,BFS,816,72,263,272,11,29700
51,291,20261198,Dijkstra,816,72,259,269,12,29900
51,291,20261198,AStarClosed,816,72,128,147,20,25200
51,291,20261198,AStarNoClosed,816,72,128,147,20,20400
51,292,20261199,BFS,882,83,422,434,17,38500
51,292,20261199,Dijkstra,882,83,409,423,17,41000
51,292,20261199,AStarClosed,882,83,181,202,22,27900
51,292,20261199,AStarNoClosed,882,83,181,202,22,25600
51,293,20261200,BFS,846,77,396,405,14,36600
51,293,20261200,Dijkstra,846,77,395,404,14,40300
51,293,20261200,AStarClosed,846,77,157,172,16,24600
51,293,20261200,AStarNoClosed,846,77,157,172,16,21800
51,294,20261201,BFS,828,74,393,403,14,35800
51,294,20261201,Dijkstra,828,74,385,395,13,39000
51,294,20261201,AStarClosed,828,74,173,197,25,28000
51,294,20261201,AStarNoClosed,828,74,173,197,25,23800
51,295,20261202,BFS,840,76,373,383,12,35400
51,295,20261202,Dijkstra,840,76,367,376,11,37800
51,295,20261202,AStarClosed,840,76,174,195,22,26900
51,295,20261202,AStarNoClosed,840,76,174,195,22,24200
51,296,20261203,BFS,804,70,420,430,14,37600
51,296,20261203,Dijkstra,804,70,422,432,14,44000
51,296,20261203,AStarClosed,804,70,130,160,31,22900
51,296,20261203,AStarNoClosed,804,70,130,160,31,19500
51,297,20261204,BFS,798,69,295,301,10,28400
51,297,20261204,Dijkstra,798,69,294,300,11,30700
51,297,20261204,AStarClosed,798,69,132,149,18,22000
51,297,20261204,AStarNoClosed,798,69,132,149,18,19300
51,298,20261205,BFS,828,74,319,332,17,30800
51,298,20261205,Dijkstra,828,74,317,331,17,33400
51,298,20261205,AStarClosed,828,74,160,179,20,35000
51,298,20261205,AStarNoClosed,828,74,160,179,20,21900
51,299,20261206,BFS,810,71,336,340,11,32400
51,299,20261206,Dijkstra,810,71,336,340,11,34100
51,299,20261206,AStarClosed,810,71,160,181,23,25000
51,299,20261206,AStarNoClosed,810,71,160,181,23,22500
99,0,20260907,BFS,1674,151,1134,1148,25,125400
99,0,20260907,Dijkstra,1674,151,1119,1134,25,134600
99,0,20260907,AStarClosed,1674,151,328,354,27,106200
99,0,20260907,AStarNoClosed,1674,151,328,354,27,84700
99,1,20260908,BFS,1638,145,1322,1346,28,132000
99,1,20260908,Dijkstra,1638,145,1293,1314,26,153300
99,1,20260908,AStarClosed,1638,145,404,434,39,97000
99,1,20260908,AStarNoClosed,1638,145,404,434,39,92500
99,2,20260909,BFS,1680,152,1294,1313,25,124500
99,2,20260909,Dijkstra,1680,152,1272,1294,26,156900
99,2,20260909,AStarClosed,1680,152,439,476,38,97900
99,2,20260909,AStarNoClosed,1680,152,439,476,38,85300
99,3,20260910,BFS,1686,153,1088,1108,22,114700
99,3,20260910,Dijkstra,1686,153,1063,1079,20,121500
99,3,20260910,AStarClosed,1686,153,401,438,38,87000
99,3,20260910,AStarNoClosed,1686,153,401,438,38,84800
99,4,20260911,BFS,1668,150,1222,1238,22,136300
99,4,20260911,Dijkstra,1668,150,1222,1238,25,159200
99,4,20260911,AStarClosed,1668,150,500,548,49,110700
99,4,20260911,AStarNoClosed,1668,150,500,548,49,111800
99,5,20260912,BFS,1620,142,872,888,21,102700
99,5,20260912,Dijkstra,1620,142,879,893,19,116900
99,5,20260912,AStarClosed,1620,142,385,421,37,110600
99,5,20260912,AStarNoClosed,1620,142,385,421,37,92500
99,6,20260913,BFS,1620,142,1231,1239,19,121700
99,6,20260913,Dijkstra,1620,142,1231,1239,19,151100
99,6,20260913,AStarClosed,1620,142,432,470,40,93600
99,6,20260913,AStarNoClosed,1620,142,432,470,40,110600
99,7,20260914,BFS,1668,150,976,987,19,114400
99,7,20260914,Dijkstra,1668,150,980,991,19,126200
99,7,20260914,AStarClosed,1668,150,424,462,39,97100
99,7,20260914,AStarNoClosed,1668,150,424,462,39,92600
99,8,20260915,BFS,1644,146,836,848,20,96300
99,8,20260915,Dijkstra,1644,146,830,847,20,114700
99,8,20260915,AStarClosed,1644,146,397,431,35,80200
99,8,20260915,AStarNoClosed,1644,146,397,431,35,84700
99,9,20260916,BFS,1650,147,887,906,20,101400
99,9,20260916,Dijkstra,1650,147,871,891,22,114500
99,9,20260916,AStarClosed,1650,147,383,414,32,81400
99,9,20260916,AStarNoClosed,1650,147,383,414,32,91300
99,10,20260917,BFS,1632,144,763,769,12,92600
99,10,20260917,Dijkstra,1632,144,761,768,13,108900
99,10,20260917,AStarClosed,1632,144,438,477,42,99800
99,10,20260917,AStarNoClosed,1632,144,438,477,42,92700
99,11,20260918,BFS,1578,135,842,853,14,98900
99,11,20260918,Dijkstra,1578,135,851,859,15,111700
99,11,20260918,AStarClosed,1578,135,398,441,44,102500
99,11,20260918,AStarNoClosed,1578,135,398,441,44,82600
99,12,20260919,BFS,1668,150,1013,1019,18,111800
99,12,20260919,Dijkstra,1668,150,1006,1011,18,124800
99,12,20260919,AStarClosed,1668,150,419,455,37,100200
99,12,20260919,AStarNoClosed,1668,150,419,455,37,87500
99,13,20260920,BFS,1596,138,918,925,16,104000
99,13,20260920,Dijkstra,1596,138,920,927,15,127700
99,13,20260920,AStarClosed,1596,138,404,441,38,91600
99,13,20260920,AStarNoClosed,1596,138,404,441,38,83100
99,14,20260921,BFS,1728,160,1036,1048,16,112300
99,14,20260921,Dijkstra,1728,160,1026,1039,17,134700
99,14,20260921,AStarClosed,1728,160,545,582,38,113300
99,14,20260921,AStarNoClosed,1728,160,545,582,38,99000
99,15,20260922,BFS,1674,151,923,931,18,104900
99,15,20260922,Dijkstra,1674,151,922,930,17,149000
99,15,20260922,AStarClosed,1674,151,381,415,40,112800
99,15,20260922,AStarNoClosed,1674,151,381,415,40,107800
99,16,20260923,BFS,1710,157,963,979,17,110700
99,16,20260923,Dijkstra,1710,157,944,956,17,151000
99,16,20260923,AStarClosed,1710,157,461,493,33,120200
99,16,20260923,AStarNoClosed,1710,157,461,493,33,103600
99,17,20260924,BFS,1650,147,684,696,16,98100
99,17,20260924,Dijkstra,1650,147,673,686,15,96800
99,17,20260924,AStarClosed,1650,147,448,478,35,103500
99,17,20260924,AStarNoClosed,1650,147,448,478,35,102400
99,18,20260925,BFS,1620,142,999,1015,19,117600
99,18,20260925,Dijkstra,1620,142,991,1006,18,136300
99,18,20260925,AStarClosed,1620,142,408,444,37,92000
99,18,20260925,AStarNoClosed,1620,142,408,444,37,101700
99,19,20260926,BFS,1656,148,1170,1186,22,121300
99,19,20260926,Dijkstra,1656,148,1160,1177,21,135100
99,19,20260926,AStarClosed,1656,148,465,512,48,117600
99,19,20260926,AStarNoClosed,1656,148,465,512,48,101300
99,20,20260927,BFS,1662,149,1070,1088,24,125600
99,20,20260927,Dijkstra,1662,149,1063,1081,22,150400
99,20,20260927,AStarClosed,1662,149,346,377,32,101600
99,20,20260927,AStarNoClosed,1662,149,346,377,32,88700
99,21,20260928,BFS,1674,151,1193,1207,24,123700
99,21,20260928,Dijkstra,1674,151,1174,1191,23,175600
99,21,20260928,AStarClosed,1674,151,445,478,34,109300
99,21,20260928,AStarNoClosed,1674,151,445,478,34,121500
99,22,20260929,BFS,1644,146,1424,1446,28,135900
99,22,20260929,Dijkstra,1644,146,1397,1419,28,159900
99,22,20260929,AStarClosed,1644,146,423,466,44,95600
99,22,20260929,AStarNoClosed,1644,146,423,466,44,100400
99,23,20260930,BFS,1620,142,1270,1283,23,117000
99,23,20260930,Dijkstra,1620,142,1250,1267,26,126700
99,23,20260930,AStarClosed,1620,142,329,357,29,94400
99,23,20260930,AStarNoClosed,1620,142,329,357,29,76000
99,24,20260931,BFS,1656,148,792,798,15,220600
99,24,20260931,Dijkstra,1656,148,791,798,15,110600
99,24,20260931,AStarClosed,1656,148,471,504,37,104500
99,24,20260931,AStarNoClosed,1656,148,471,504,37,114100
99,25,20260932,BFS,1674,151,1300,1319,26,137100
99,25,20260932,Dijkstra,1674,151,1267,1283,27,155000
99,25,20260932,AStarClosed,1674,151,403,432,31,105300
99,25,20260932,AStarNoClosed,1674,151,403,432,31,83800
99,26,20260933,BFS,1716,158,1136,1154,24,275000
99,26,20260933,Dijkstra,1716,158,1104,1120,22,133900
99,26,20260933,AStarClosed,1716,158,445,471,34,85100
99,26,20260933,AStarNoClosed,1716,158,445,471,34,74900
99,27,20260934,BFS,1662,149,747,763,18,85700
99,27,20260934,Dijkstra,1662,149,726,742,17,87900
99,27,20260934,AStarClosed,1662,149,430,462,33,114300
99,27,20260934,AStarNoClosed,1662,149,430,462,33,104300
99,28,20260935,BFS,1632,144,1041,1055,15,123400
99,28,20260935,Dijkstra,1632,144,1026,1038,15,141200
99,28,20260935,AStarClosed,1632,144,350,384,35,93000
99,28,20260935,AStarNoClosed,1632,144,350,384,35,95800
99,29,20260936,BFS,1602,139,936,941,21,108900
99,29,20260936,Dijkstra,1602,139,937,942,21,130900
99,29,20260936,AStarClosed,1602,139,441,476,36,100700
99,29,20260936,AStarNoClosed,1602,139,441,476,36,92000
99,30,20260937,BFS,1632,144,753,761,13,95300
99,30,20260937,Dijkstra,1632,144,751,759,13,112100
99,30,20260937,AStarClosed,1632,144,471,504,38,112600
99,30,20260937,AStarNoClosed,1632,144,471,504,38,93600
99,31,20260938,BFS,1590,137,1090,1101,18,124300
99,31,20260938,Dijkstra,1590,137,1087,1097,18,144000
99,31,20260938,AStarClosed,1590,137,438,487,50,92900
99,31,20260938,AStarNoClosed,1590,137,438,487,50,88000
99,32,20260939,BFS,1710,157,1042,1063,24,119100
99,32,20260939,Dijkstra,1710,157,1011,1032,26,138900
99,32,20260939,AStarClosed,1710,157,349,384,36,95500
99,32,20260939,AStarNoClosed,1710,157,349,384,36,76700
99,33,20260940,BFS,1632,144,985,990,16,106500
99,33,20260940,Dijkstra,1632,144,986,991,16,129100
99,33,20260940,AStarClosed,1632,144,428,462,37,102600
99,33,20260940,AStarNoClosed,1632,144,428,462,37,88200
99,34,20260941,BFS,1650,147,839,850,18,105600
99,34,20260941,Dijkstra,1650,147,845,856,17,126500
99,34,20260941,AStarClosed,1650,147,400,435,36,142300
99,34,20260941,AStarNoClosed,1650,147,400,435,36,115000
99,35,20260942,BFS,1626,143,997,1013,19,113700
99,35,20260942,Dijkstra,1626,143,985,1000,20,123400
99,35,20260942,AStarClosed,1626,143,363,400,38,99700
99,35,20260942,AStarNoClosed,1626,143,363,400,38,101500
99,36,20260943,BFS,1602,139,926,933,15,98700
99,36,20260943,Dijkstra,1602,139,936,945,15,125600
99,36,20260943,AStarClosed,1602,139,373,409,37,107800
99,36,20260943,AStarNoClosed,1602,139,373,409,37,93500
99,37,20260944,BFS,1668,150,1178,1193,23,121600
99,37,20260944,Dijkstra,1668,150,1147,1164,25,133400
99,37,20260944,AStarClosed,1668,150,440,462,30,87300
99,37,20260944,AStarNoClosed,1668,150,440,462,30,94500
99,38,20260945,BFS,1668,150,1089,1110,24,117200
99,38,20260945,Dijkstra,1668,150,1056,1076,24,148500
99,38,20260945,AStarClosed,1668,150,400,435,36,100500
99,38,20260945,AStarNoClosed,1668,150,400,435,36,85400
99,39,20260946,BFS,1602,139,1066,1077,19,115500
99,39,20260946,Dijkstra,1602,139,1062,1073,18,134000
99,39,20260946,AStarClosed,1602,139,417,466,50,94300
99,39,20260946,AStarNoClosed,1602,139,417,466,50,91500
99,40,20260947,BFS,1620,142,844,861,18,100300
99,40,20260947,Dijkstra,1620,142,839,855,17,126100
99,40,20260947,AStarClosed,1620,142,358,388,31,84400
99,40,20260947,AStarNoClosed,1620,142,358,388,31,79900
99,41,20260948,BFS,1674,151,911,916,13,110200
99,41,20260948,Dijkstra,1674,151,905,911,15,128300
99,41,20260948,AStarClosed,1674,151,416,446,31,91500
99,41,20260948,AStarNoClosed,1674,151,416,446,31,82900
99,42,20260949,BFS,1626,143,842,858,19,93400
99,42,20260949,Dijkstra,1626,143,837,850,19,112500
99,42,20260949,AStarClosed,1626,143,378,418,41,84600
99,42,20260949,AStarNoClosed,1626,143,378,418,41,80600
99,43,20260950,BFS,1650,147,1118,1135,23,112200
99,43,20260950,Dijkstra,1650,147,1078,1098,22,138300
99,43,20260950,AStarClosed,1650,147,391,426,39,96300
99,43,20260950,AStarNoClosed,1650,147,391,426,39,78200
99,44,20260951,BFS,1650,147,1213,1218,23,147700
99,44,20260951,Dijkstra,1650,147,1195,1205,21,153500
99,44,20260951,AStarClosed,1650,147,431,473,43,105000
99,44,20260951,AStarNoClosed,1650,147,431,473,43,87400
99,45,20260952,BFS,1608,140,819,838,23,97900
99,45,20260952,Dijkstra,1608,140,828,845,23,121800
99,45,20260952,AStarClosed,1608,140,404,440,45,94500
99,45,20260952,AStarNoClosed,1608,140,404,440,45,106200
99,46,20260953,BFS,1686,153,1162,1189,33,118100
99,46,20260953,Dijkstra,1686,153,1101,1130,30,133600
99,46,20260953,AStarClosed,1686,153,449,477,29,94100
99,46,20260953,AStarNoClosed,1686,153,449,477,29,86100
99,47,20260954,BFS,1608,140,845,862,19,102700
99,47,20260954,Dijkstra,1608,140,833,850,20,110100
99,47,20260954,AStarClosed,1608,140,388,417,39,169900
99,47,20260954,AStarNoClosed,1608,140,388,417,39,93600
99,48,20260955,BFS,1656,148,1153,1179,33,103800
99,48,20260955,Dijkstra,1656,148,1108,1137,36,106200
99,48,20260955,AStarClosed,1656,148,395,439,45,76300
99,48,20260955,AStarNoClosed,1656,148,395,439,45,70600
99,49,20260956,BFS,1650,147,1176,1190,20,100200
99,49,20260956,Dijkstra,1650,147,1173,1189,21,111500
99,49,20260956,AStarClosed,1650,147,372,405,36,77800
99,49,20260956,AStarNoClosed,1650,147,372,405,36,71700
99,50,20260957,BFS,1644,146,1034,1047,20,94100
99,50,20260957,Dijkstra,1644,146,1021,1035,19,114100
99,50,20260957,AStarClosed,1644,146,381,412,32,74500
99,50,20260957,AStarNoClosed,1644,146,381,412,32,79300
99,51,20260958,BFS,1638,145,869,883,17,78300
99,51,20260958,Dijkstra,1638,145,858,872,18,94000
99,51,20260958,AStarClosed,1638,145,401,427,28,72300
99,51,20260958,AStarNoClosed,1638,145,401,427,28,74400
99,52,20260959,BFS,1692,154,1106,1117,17,102700
99,52,20260959,Dijkstra,1692,154,1102,1113,17,115700
99,52,20260959,AStarClosed,1692,154,481,522,43,93500
99,52,20260959,AStarNoClosed,1692,154,481,522,43,86300
99,53,20260960,BFS,1698,155,982,1004,25,96400
99,53,20260960,Dijkstra,1698,155,936,958,25,117300
99,53,20260960,AStarClosed,1698,155,350,378,29,73400
99,53,20260960,AStarNoClosed,1698,155,350,378,29,86000
99,54,20260961,BFS,1698,155,1193,1223,33,130600
99,54,20260961,Dijkstra,1698,155,1130,1163,34,146800
99,54,20260961,AStarClosed,1698,155,399,423,25,88000
99,54,20260961,AStarNoClosed,1698,155,399,423,25,101700
99,55,20260962,BFS,1710,157,1016,1027,15,120100
99,55,20260962,Dijkstra,1710,157,1012,1024,15,130000
99,55,20260962,AStarClosed,1710,157,470,517,48,104100
99,55,20260962,AStarNoClosed,1710,157,470,517,48,94200
99,56,20260963,BFS,1632,144,929,932,19,105500
99,56,20260963,Dijkstra,1632,144,929,932,17,119200
99,56,20260963,AStarClosed,1632,144,488,531,46,97100
99,56,20260963,AStarNoClosed,1632,144,488,531,46,104700
99,57,20260964,BFS,1650,147,1168,1193,27,124800
99,57,20260964,Dijkstra,1650,147,1126,1150,26,144300
99,57,20260964,AStarClosed,1650,147,386,416,31,87300
99,57,20260964,AStarNoClosed,1650,147,386,416,31,79900
99,58,20260965,BFS,1674,151,1300,1316,20,130900
99,58,20260965,Dijkstra,1674,151,1291,1305,20,157500
99,58,20260965,AStarClosed,1674,151,459,503,45,109900
99,58,20260965,AStarNoClosed,1674,151,459,503,45,96200
99,59,20260966,BFS,1650,147,787,794,14,94400
99,59,20260966,Dijkstra,1650,147,786,793,14,109500
99,59,20260966,AStarClosed,1650,147,437,468,33,86000
99,59,20260966,AStarNoClosed,1650,147,437,468,33,91900
99,60,20260967,BFS,1644,146,869,881,16,98700
99,60,20260967,Dijkstra,1644,146,875,886,16,117700
99,60,20260967,AStarClosed,1644,146,356,386,31,65000
99,60,20260967,AStarNoClosed,1644,146,356,386,31,75700
99,61,20260968,BFS,1626,143,698,706,15,88100
99,61,20260968,Dijkstra,1626,143,696,703,15,97700
99,61,20260968,AStarClosed,1626,143,364,392,37,68600
99,61,20260968,AStarNoClosed,1626,143,364,392,37,77900
99,62,20260969,BFS,1638,145,1208,1231,24,125300
99,62,20260969,Dijkstra,1638,145,1187,1208,24,148200
99,62,20260969,AStarClosed,1638,145,393,426,37,96100
99,62,20260969,AStarNoClosed,1638,145,393,426,37,80100
99,63,20260970,BFS,1668,150,828,841,16,94300
99,63,20260970,Dijkstra,1668,150,812,827,16,109500
99,63,20260970,AStarClosed,1668,150,384,411,28,80800
99,63,20260970,AStarNoClosed,1668,150,384,411,28,89900
99,64,20260971,BFS,1710,157,1308,1315,21,130300
99,64,20260971,Dijkstra,1710,157,1303,1310,22,159900
99,64,20260971,AStarClosed,1710,157,415,452,38,96400
99,64,20260971,AStarNoClosed,1710,157,415,452,38,82000
99,65,20260972,BFS,1602,139,998,1019,24,113100
99,65,20260972,Dijkstra,1602,139,1012,1034,23,133800
99,65,20260972,AStarClosed,1602,139,400,443,44,85600
99,65,20260972,AStarNoClosed,1602,139,400,443,44,96600
99,66,20260973,BFS,1692,154,1292,1327,37,139100
99,66,20260973,Dijkstra,1692,154,1203,1231,32,151000
99,66,20260973,AStarClosed,1692,154,402,433,32,92000
99,66,20260973,AStarNoClosed,1692,154,402,433,32,81100
99,67,20260974,BFS,1614,141,1253,1269,21,124900
99,67,20260974,Dijkstra,1614,141,1257,1270,20,154600
99,67,20260974,AStarClosed,1614,141,429,475,47,83500
99,67,20260974,AStarNoClosed,1614,141,429,475,47,96700
99,68,20260975,BFS,1590,137,1192,1203,29,130400
99,68,20260975,Dijkstra,1590,137,1231,1245,25,153900
99,68,20260975,AStarClosed,1590,137,330,364,35,84400
99,68,20260975,AStarNoClosed,1590,137,330,364,35,66400
99,69,20260976,BFS,1578,135,841,845,21,83000
99,69,20260976,Dijkstra,1578,135,843,847,21,94200
99,69,20260976,AStarClosed,1578,135,367,403,43,59200
99,69,20260976,AStarNoClosed,1578,135,367,403,43,67700
99,70,20260977,BFS,1674,151,695,707,14,72300
99,70,20260977,Dijkstra,1674,151,694,707,15,90200
99,70,20260977,AStarClosed,1674,151,299,340,42,71200
99,70,20260977,AStarNoClosed,1674,151,299,340,42,65900
99,71,20260978,BFS,1674,151,977,991,23,89800
99,71,20260978,Dijkstra,1674,151,950,971,23,103700
99,71,20260978,AStarClosed,1674,151,323,349,27,68900
99,71,20260978,AStarNoClosed,1674,151,323,349,27,58300
99,72,20260979,BFS,1650,147,1136,1155,24,95600
99,72,20260979,Dijkstra,1650,147,1074,1094,23,111200
99,72,20260979,AStarClosed,1650,147,407,443,37,74000
99,72,20260979,AStarNoClosed,1650,147,407,443,37,66700
99,73,20260980,BFS,1632,144,1077,1087,22,99100
99,73,20260980,Dijkstra,1632,144,1083,1091,22,109400
99,73,20260980,AStarClosed,1632,144,467,510,44,86700
99,73,20260980,AStarNoClosed,1632,144,467,510,44,75200
99,74,20260981,BFS,1686,153,966,981,19,108100
99,74,20260981,Dijkstra,1686,153,959,975,19,128200
99,74,20260981,AStarClosed,1686,153,462,496,35,74900
99,74,20260981,AStarNoClosed,1686,153,462,496,35,104700
99,75,20260982,BFS,1626,143,787,798,18,96100
99,75,20260982,Dijkstra,1626,143,775,789,17,103500
99,75,20260982,AStarClosed,1626,143,352,380,29,89100
99,75,20260982,AStarNoClosed,1626,143,352,380,29,75800
99,76,20260983,BFS,1686,153,985,1000,19,105800
99,76,20260983,Dijkstra,1686,153,959,978,20,133600
99,76,20260983,AStarClosed,1686,153,392,425,34,90900
99,76,20260983,AStarNoClosed,1686,153,392,425,34,93000
99,77,20260984,BFS,1746,163,1696,1709,29,145700
99,77,20260984,Dijkstra,1746,163,1654,1674,28,176700
99,77,20260984,AStarClosed,1746,163,402,442,41,123500
99,77,20260984,AStarNoClosed,1746,163,402,442,41,76500
99,78,20260985,BFS,1644,146,848,855,14,85900
99,78,20260985,Dijkstra,1644,146,848,855,15,103200
99,78,20260985,AStarClosed,1644,146,447,487,43,76700
99,78,20260985,AStarNoClosed,1644,146,447,487,43,75600
99,79,20260986,BFS,1710,157,1076,1087,17,95600
99,79,20260986,Dijkstra,1710,157,1063,1072,19,110800
99,79,20260986,AStarClosed,1710,157,546,578,33,94700
99,79,20260986,AStarNoClosed,1710,157,546,578,33,80500
99,80,20260987,BFS,1620,142,1123,1141,23,93500
99,80,20260987,Dijkstra,1620,142,1116,1136,23,114000
99,80,20260987,AStarClosed,1620,142,419,456,38,73400
99,80,20260987,AStarNoClosed,1620,142,419,456,38,71000
99,81,20260988,BFS,1680,152,862,879,20,89000
99,81,20260988,Dijkstra,1680,152,839,858,21,100300
99,81,20260988,AStarClosed,1680,152,425,444,27,81300
99,81,20260988,AStarNoClosed,1680,152,425,444,27,70800
99,82,20260989,BFS,1662,149,844,862,20,82900
99,82,20260989,Dijkstra,1662,149,831,851,22,103300
99,82,20260989,AStarClosed,1662,149,342,375,34,61600
99,82,20260989,AStarNoClosed,1662,149,342,375,34,63500
99,83,20260990,BFS,1614,141,601,612,12,61800
99,83,20260990,Dijkstra,1614,141,599,610,12,71000
99,83,20260990,AStarClosed,1614,141,352,383,32,74600
99,83,20260990,AStarNoClosed,1614,141,352,383,32,63500
99,84,20260991,BFS,1650,147,925,938,21,80600
99,84,20260991,Dijkstra,1650,147,916,931,22,102200
99,84,20260991,AStarClosed,1650,147,416,449,36,73100
99,84,20260991,AStarNoClosed,1650,147,416,449,36,77200
99,85,20260992,BFS,1656,148,1174,1195,27,99300
99,85,20260992,Dijkstra,1656,148,1153,1172,28,113300
99,85,20260992,AStarClosed,1656,148,376,410,35,79800
99,85,20260992,AStarNoClosed,1656,148,376,410,35,63000
99,86,20260993,BFS,1620,142,1107,1129,27,95900
99,86,20260993,Dijkstra,1620,142,1101,1125,25,118000
99,86,20260993,AStarClosed,1620,142,393,422,31,67200
99,86,20260993,AStarNoClosed,1620,142,393,422,31,73600
99,87,20260994,BFS,1752,164,1610,1629,43,123000
99,87,20260994,Dijkstra,1752,164,1503,1533,43,139000
99,87,20260994,AStarClosed,1752,164,407,441,35,73300
99,87,20260994,AStarNoClosed,1752,164,407,441,35,66300
99,88,20260995,BFS,1698,155,1260,1283,25,102300
99,88,20260995,Dijkstra,1698,155,1258,1278,24,126900
99,88,20260995,AStarClosed,1698,155,519,560,43,82700
99,88,20260995,AStarNoClosed,1698,155,519,560,43,103500
99,89,20260996,BFS,1656,148,1020,1032,17,98400
99,89,20260996,Dijkstra,1656,148,1027,1037,17,110300
99,89,20260996,AStarClosed,1656,148,391,431,41,79300
99,89,20260996,AStarNoClosed,1656,148,391,431,41,74900
99,90,20260997,BFS,1656,148,776,784,14,78000
99,90,20260997,Dijkstra,1656,148,775,786,13,96600
99,90,20260997,AStarClosed,1656,148,425,465,43,53400
99,90,20260997,AStarNoClosed,1656,148,425,465,43,82100
99,91,20260998,BFS,1650,147,1446,1474,34,118200
99,91,20260998,Dijkstra,1650,147,1353,1381,30,130600
99,91,20260998,AStarClosed,1650,147,421,455,35,79300
99,91,20260998,AStarNoClosed,1650,147,421,455,35,68000
99,92,20260999,BFS,1638,145,878,888,14,78200
99,92,20260999,Dijkstra,1638,145,878,889,14,106200
99,92,20260999,AStarClosed,1638,145,386,413,33,69000
99,92,20260999,AStarNoClosed,1638,145,386,413,33,73400
99,93,20261000,BFS,1614,141,988,995,17,90700
99,93,20261000,Dijkstra,1614,141,988,995,18,101100
99,93,20261000,AStarClosed,1614,141,409,446,40,71800
99,93,20261000,AStarNoClosed,1614,141,409,446,40,69400
99,94,20261001,BFS,1680,152,1491,1521,40,117800
99,94,20261001,Dijkstra,1680,152,1438,1473,39,143000
99,94,20261001,AStarClosed,1680,152,354,386,33,72000
99,94,20261001,AStarNoClosed,1680,152,354,386,33,68400
99,95,20261002,BFS,1698,155,1076,1094,19,113600
99,95,20261002,Dijkstra,1698,155,1057,1074,19,133900
99,95,20261002,AStarClosed,1698,155,438,463,28,89300
99,95,20261002,AStarNoClosed,1698,155,438,463,28,78300
99,96,20261003,BFS,1620,142,635,642,13,71800
99,96,20261003,Dijkstra,1620,142,634,640,15,125900
99,96,20261003,AStarClosed,1620,142,355,388,34,96600
99,96,20261003,AStarNoClosed,1620,142,355,388,34,89500
99,97,20261004,BFS,1668,150,989,998,15,110800
99,97,20261004,Dijkstra,1668,150,985,993,14,111000
99,97,20261004,AStarClosed,1668,150,456,489,39,85500
99,97,20261004,AStarNoClosed,1668,150,456,489,39,82300
99,98,20261005,BFS,1674,151,996,1016,21,92000
99,98,20261005,Dijkstra,1674,151,943,961,20,114800
99,98,20261005,AStarClosed,1674,151,398,423,26,90000
99,98,20261005,AStarNoClosed,1674,151,398,423,26,117000
99,99,20261006,BFS,1584,136,894,910,24,144300
99,99,20261006,Dijkstra,1584,136,923,940,23,131000
99,99,20261006,AStarClosed,1584,136,336,368,33,113000
99,99,20261006,AStarNoClosed,1584,136,336,368,33,95300
99,100,20261007,BFS,1620,142,891,896,17,113500
99,100,20261007,Dijkstra,1620,142,891,895,17,137500
99,100,20261007,AStarClosed,1620,142,421,463,43,105900
99,100,20261007,AStarNoClosed,1620,142,421,463,43,116000
99,101,20261008,BFS,1596,138,839,856,18,87900
99,101,20261008,Dijkstra,1596,138,841,856,18,101800
99,101,20261008,AStarClosed,1596,138,376,398,28,92700
99,101,20261008,AStarNoClosed,1596,138,376,398,28,80000
99,102,20261009,BFS,1572,134,1094,1107,17,108600
99,102,20261009,Dijkstra,1572,134,1086,1099,17,153400
99,102,20261009,AStarClosed,1572,134,413,457,45,109200
99,102,20261009,AStarNoClosed,1572,134,413,457,45,116100
99,103,20261010,BFS,1650,147,989,1012,25,123900
99,103,20261010,Dijkstra,1650,147,954,975,24,138000
99,103,20261010,AStarClosed,1650,147,420,452,33,144700
99,103,20261010,AStarNoClosed,1650,147,420,452,33,109900
99,104,20261011,BFS,1626,143,761,777,20,89300
99,104,20261011,Dijkstra,1626,143,767,782,23,102500
99,104,20261011,AStarClosed,1626,143,354,380,32,73700
99,104,20261011,AStarNoClosed,1626,143,354,380,32,70000
99,105,20261012,BFS,1686,153,748,758,13,78500
99,105,20261012,Dijkstra,1686,153,747,757,12,88600
99,105,20261012,AStarClosed,1686,153,423,467,45,101800
99,105,20261012,AStarNoClosed,1686,153,423,467,45,68800
99,106,20261013,BFS,1638,145,1062,1078,24,92900
99,106,20261013,Dijkstra,1638,145,1057,1072,20,115800
99,106,20261013,AStarClosed,1638,145,456,493,41,73900
99,106,20261013,AStarNoClosed,1638,145,456,493,41,82800
99,107,20261014,BFS,1680,152,1223,1246,33,104100
99,107,20261014,Dijkstra,1680,152,1165,1197,34,117000
99,107,20261014,AStarClosed,1680,152,398,421,24,72400
99,107,20261014,AStarNoClosed,1680,152,398,421,24,68400
99,108,20261015,BFS,1710,157,1058,1075,25,94300
99,108,20261015,Dijkstra,1710,157,1036,1050,26,111000
99,108,20261015,AStarClosed,1710,157,423,457,35,72800
99,108,20261015,AStarNoClosed,1710,157,423,457,35,69500
99,109,20261016,BFS,1602,139,959,967,17,166400
99,109,20261016,Dijkstra,1602,139,961,968,16,126600
99,109,20261016,AStarClosed,1602,139,411,448,38,105100
99,109,20261016,AStarNoClosed,1602,139,411,448,38,102500
99,110,20261017,BFS,1614,141,959,974,25,92600
99,110,20261017,Dijkstra,1614,141,950,965,25,126300
99,110,20261017,AStarClosed,1614,141,388,418,32,80900
99,110,20261017,AStarNoClosed,1614,141,388,418,32,123700
99,111,20261018,BFS,1674,151,962,979,19,114500
99,111,20261018,Dijkstra,1674,151,946,963,19,132900
99,111,20261018,AStarClosed,1674,151,468,508,41,119900
99,111,20261018,AStarNoClosed,1674,151,468,508,41,120500
99,112,20261019,BFS,1650,147,1304,1313,23,129800
99,112,20261019,Dijkstra,1650,147,1298,1308,21,173300
99,112,20261019,AStarClosed,1650,147,415,451,37,94100
99,112,20261019,AStarNoClosed,1650,147,415,451,37,88900
99,113,20261020,BFS,1632,144,841,859,25,93100
99,113,20261020,Dijkstra,1632,144,802,824,23,106400
99,113,20261020,AStarClosed,1632,144,411,450,40,89000
99,113,20261020,AStarNoClosed,1632,144,411,450,40,76900
99,114,20261021,BFS,1650,147,1130,1147,20,107900
99,114,20261021,Dijkstra,1650,147,1124,1138,20,131000
99,114,20261021,AStarClosed,1650,147,407,440,34,86400
99,114,20261021,AStarNoClosed,1650,147,407,440,34,87400
99,115,20261022,BFS,1668,150,957,968,13,96900
99,115,20261022,Dijkstra,1668,150,933,943,13,115600
99,115,20261022,AStarClosed,1668,150,409,441,33,83800
99,115,20261022,AStarNoClosed,1668,150,409,441,33,81900
99,116,20261023,BFS,1662,149,1306,1327,25,122900
99,116,20261023,Dijkstra,1662,149,1261,1282,23,164300
99,116,20261023,AStarClosed,1662,149,442,477,36,99200
99,116,20261023,AStarNoClosed,1662,149,442,477,36,87300
99,117,20261024,BFS,1656,148,1359,1372,25,123200
99,117,20261024,Dijkstra,1656,148,1353,1367,26,146300
99,117,20261024,AStarClosed,1656,148,383,425,43,81700
99,117,20261024,AStarNoClosed,1656,148,383,425,43,86600
99,118,20261025,BFS,1614,141,1136,1147,19,129800
99,118,20261025,Dijkstra,1614,141,1145,1155,20,126500
99,118,20261025,AStarClosed,1614,141,411,449,39,77000
99,118,20261025,AStarNoClosed,1614,141,411,449,39,72900
99,119,20261026,BFS,1650,147,1298,1308,25,108400
99,119,20261026,Dijkstra,1650,147,1288,1301,24,136200
99,119,20261026,AStarClosed,1650,147,421,446,29,99700
99,119,20261026,AStarNoClosed,1650,147,421,446,29,88700
99,120,20261027,BFS,1590,137,680,687,13,94100
99,120,20261027,Dijkstra,1590,137,678,685,12,109700
99,120,20261027,AStarClosed,1590,137,374,411,49,69100
99,120,20261027,AStarNoClosed,1590,137,374,411,49,102300
99,121,20261028,BFS,1638,145,852,871,20,88800
99,121,20261028,Dijkstra,1638,145,835,853,19,110100
99,121,20261028,AStarClosed,1638,145,393,418,27,107400
99,121,20261028,AStarNoClosed,1638,145,393,418,27,84300
99,122,20261029,BFS,1662,149,1349,1363,21,189000
99,122,20261029,Dijkstra,1662,149,1331,1345,21,185000
99,122,20261029,AStarClosed,1662,149,460,492,33,161200
99,122,20261029,AStarNoClosed,1662,149,460,492,33,102600
99,123,20261030,BFS,1632,144,772,781,13,93900
99,123,20261030,Dijkstra,1632,144,764,772,13,111500
99,123,20261030,AStarClosed,1632,144,441,476,36,76500
99,123,20261030,AStarNoClosed,1632,144,441,476,36,92000
99,124,20261031,BFS,1656,148,1065,1082,20,113500
99,124,20261031,Dijkstra,1656,148,1040,1056,20,125500
99,124,20261031,AStarClosed,1656,148,451,482,33,101600
99,124,20261031,AStarNoClosed,1656,148,451,482,33,93900
99,125,20261032,BFS,1626,143,854,862,16,108400
99,125,20261032,Dijkstra,1626,143,849,858,16,118400
99,125,20261032,AStarClosed,1626,143,415,448,38,71800
99,125,20261032,AStarNoClosed,1626,143,415,448,38,97100
99,126,20261033,BFS,1704,156,995,1014,24,92000
99,126,20261033,Dijkstra,1704,156,965,981,21,108200
99,126,20261033,AStarClosed,1704,156,490,530,41,80500
99,126,20261033,AStarNoClosed,1704,156,490,530,41,84500
99,127,20261034,BFS,1626,143,831,834,20,88000
99,127,20261034,Dijkstra,1626,143,827,832,19,99000
99,127,20261034,AStarClosed,1626,143,370,399,33,83900
99,127,20261034,AStarNoClosed,1626,143,370,399,33,85900
99,128,20261035,BFS,1734,161,1427,1447,25,130500
99,128,20261035,Dijkstra,1734,161,1391,1413,26,163400
99,128,20261035,AStarClosed,1734,161,517,551,36,111500
99,128,20261035,AStarNoClosed,1734,161,517,551,36,108400
99,129,20261036,BFS,1704,156,1370,1396,29,132900
99,129,20261036,Dijkstra,1704,156,1309,1336,31,155900
99,129,20261036,AStarClosed,1704,156,469,504,36,102100
99,129,20261036,AStarNoClosed,1704,156,469,504,36,96300
99,130,20261037,BFS,1710,157,1078,1097,22,95500
99,130,20261037,Dijkstra,1710,157,1038,1057,21,114100
99,130,20261037,AStarClosed,1710,157,422,453,32,79100
99,130,20261037,AStarNoClosed,1710,157,422,453,32,77000
99,131,20261038,BFS,1656,148,1141,1156,23,103200
99,131,20261038,Dijkstra,1656,148,1124,1140,24,115000
99,131,20261038,AStarClosed,1656,148,378,412,37,55300
99,131,20261038,AStarNoClosed,1656,148,378,412,37,75200
99,132,20261039,BFS,1692,154,1026,1036,17,96300
99,132,20261039,Dijkstra,1692,154,1018,1028,18,135000
99,132,20261039,AStarClosed,1692,154,436,477,42,75400
99,132,20261039,AStarNoClosed,1692,154,436,477,42,77600
99,133,20261040,BFS,1662,149,1084,1101,19,100100
99,133,20261040,Dijkstra,1662,149,1069,1082,16,126100
99,133,20261040,AStarClosed,1662,149,398,440,43,75200
99,133,20261040,AStarNoClosed,1662,149,398,440,43,74500
99,134,20261041,BFS,1650,147,978,994,19,87600
99,134,20261041,Dijkstra,1650,147,967,983,19,101700
99,134,20261041,AStarClosed,1650,147,393,438,46,79100
99,134,20261041,AStarNoClosed,1650,147,393,438,46,84300
99,135,20261042,BFS,1650,147,1022,1045,28,86500
99,135,20261042,Dijkstra,1650,147,955,979,26,106400
99,135,20261042,AStarClosed,1650,147,419,446,28,59500
99,135,20261042,AStarNoClosed,1650,147,419,446,28,79200
99,136,20261043,BFS,1644,146,867,877,16,85500
99,136,20261043,Dijkstra,1644,146,856,868,17,99300
99,136,20261043,AStarClosed,1644,146,372,404,33,51200
99,136,20261043,AStarNoClosed,1644,146,372,404,33,81000
99,137,20261044,BFS,1680,152,1107,1128,24,91700
99,137,20261044,Dijkstra,1680,152,1092,1112,22,115200
99,137,20261044,AStarClosed,1680,152,470,501,34,73600
99,137,20261044,AStarNoClosed,1680,152,470,501,34,77200
99,138,20261045,BFS,1716,158,982,1006,26,123300
99,138,20261045,Dijkstra,1716,158,946,966,21,126700
99,138,20261045,AStarClosed,1716,158,391,427,37,98000
99,138,20261045,AStarNoClosed,1716,158,391,427,37,96200
99,139,20261046,BFS,1734,161,1109,1133,26,108100
99,139,20261046,Dijkstra,1734,161,1084,1108,25,139100
99,139,20261046,AStarClosed,1734,161,517,542,34,87300
99,139,20261046,AStarNoClosed,1734,161,517,542,34,105900
99,140,20261047,BFS,1638,145,644,657,14,94800
99,140,20261047,Dijkstra,1638,145,634,648,15,101000
99,140,20261047,AStarClosed,1638,145,355,382,35,97700
99,140,20261047,AStarNoClosed,1638,145,355,382,35,99500
99,141,20261048,BFS,1614,141,671,675,11,82500
99,141,20261048,Dijkstra,1614,141,672,676,11,94000
99,141,20261048,AStarClosed,1614,141,397,436,40,77800
99,141,20261048,AStarNoClosed,1614,141,397,436,40,81000
99,142,20261049,BFS,1668,150,954,971,20,105800
99,142,20261049,Dijkstra,1668,150,937,952,20,131100
99,142,20261049,AStarClosed,1668,150,419,458,40,92600
99,142,20261049,AStarNoClosed,1668,150,419,458,40,85800
99,143,20261050,BFS,1608,140,903,908,18,105200
99,143,20261050,Dijkstra,1608,140,902,906,16,114900
99,143,20261050,AStarClosed,1608,140,416,456,41,107800
99,143,20261050,AStarNoClosed,1608,140,416,456,41,100400
99,144,20261051,BFS,1674,151,866,883,19,96000
99,144,20261051,Dijkstra,1674,151,845,861,18,147900
99,144,20261051,AStarClosed,1674,151,398,437,40,110200
99,144,20261051,AStarNoClosed,1674,151,398,437,40,97100
99,145,20261052,BFS,1698,155,859,871,21,95100
99,145,20261052,Dijkstra,1698,155,855,869,20,109100
99,145,20261052,AStarClosed,1698,155,477,523,47,110400
99,145,20261052,AStarNoClosed,1698,155,477,523,47,96700
99,146,20261053,BFS,1638,145,599,605,13,74100
99,146,20261053,Dijkstra,1638,145,596,603,12,106900
99,146,20261053,AStarClosed,1638,145,406,431,30,90900
99,146,20261053,AStarNoClosed,1638,145,406,431,30,91600
99,147,20261054,BFS,1674,151,934,941,16,107300
99,147,20261054,Dijkstra,1674,151,927,933,17,114100
99,147,20261054,AStarClosed,1674,151,326,355,30,74100
99,147,20261054,AStarNoClosed,1674,151,326,355,30,92100
99,148,20261055,BFS,1650,147,630,646,19,83400
99,148,20261055,Dijkstra,1650,147,611,628,19,104200
99,148,20261055,AStarClosed,1650,147,365,388,26,90100
99,148,20261055,AStarNoClosed,1650,147,365,388,26,76900
99,149,20261056,BFS,1650,147,1154,1163,24,130900
99,149,20261056,Dijkstra,1650,147,1150,1160,26,137900
99,149,20261056,AStarClosed,1650,147,406,438,33,97700
99,149,20261056,AStarNoClosed,1650,147,406,438,33,87700
99,150,20261057,BFS,1644,146,760,771,17,89600
99,150,20261057,Dijkstra,1644,146,747,759,18,119300
99,150,20261057,AStarClosed,1644,146,378,415,38,96600
99,150,20261057,AStarNoClosed,1644,146,378,415,38,77700
99,151,20261058,BFS,1632,144,996,1010,18,119700
99,151,20261058,Dijkstra,1632,144,976,991,18,121000
99,151,20261058,AStarClosed,1632,144,396,431,36,74600
99,151,20261058,AStarNoClosed,1632,144,396,431,36,104900
99,152,20261059,BFS,1632,144,783,794,14,90300
99,152,20261059,Dijkstra,1632,144,781,793,14,114100
99,152,20261059,AStarClosed,1632,144,411,442,32,92000
99,152,20261059,AStarNoClosed,1632,144,411,442,32,82800
99,153,20261060,BFS,1674,151,1063,1090,28,95000
99,153,20261060,Dijkstra,1674,151,1008,1032,28,112300
99,153,20261060,AStarClosed,1674,151,358,394,37,58500
99,153,20261060,AStarNoClosed,1674,151,358,394,37,69900
99,154,20261061,BFS,1686,153,1539,1564,32,131200
99,154,20261061,Dijkstra,1686,153,1476,1504,29,164200
99,154,20261061,AStarClosed,1686,153,443,478,37,102400
99,154,20261061,AStarNoClosed,1686,153,443,478,37,81200
99,155,20261062,BFS,1674,151,1147,1156,19,119200
99,155,20261062,Dijkstra,1674,151,1140,1151,20,148500
99,155,20261062,AStarClosed,1674,151,419,453,37,96300
99,155,20261062,AStarNoClosed,1674,151,419,453,37,88500
99,156,20261063,BFS,1710,157,1065,1078,18,117200
99,156,20261063,Dijkstra,1710,157,1066,1078,19,129700
99,156,20261063,AStarClosed,1710,157,369,409,42,89600
99,156,20261063,AStarNoClosed,1710,157,369,409,42,85100
99,157,20261064,BFS,1674,151,764,772,16,84500
99,157,20261064,Dijkstra,1674,151,760,766,16,105700
99,157,20261064,AStarClosed,1674,151,426,468,43,99700
99,157,20261064,AStarNoClosed,1674,151,426,468,43,85500
99,158,20261065,BFS,1692,154,1344,1372,30,132800
99,158,20261065,Dijkstra,1692,154,1280,1304,29,162300
99,158,20261065,AStarClosed,1692,154,410,446,37,89600
99,158,20261065,AStarNoClosed,1692,154,410,446,37,90000
99,159,20261066,BFS,1614,141,1285,1301,25,124100
99,159,20261066,Dijkstra,1614,141,1267,1284,23,146300
99,159,20261066,AStarClosed,1614,141,420,450,37,101600
99,159,20261066,AStarNoClosed,1614,141,420,450,37,94700
99,160,20261067,BFS,1620,142,776,783,14,93600
99,160,20261067,Dijkstra,1620,142,780,787,13,101700
99,160,20261067,AStarClosed,1620,142,405,443,39,94000
99,160,20261067,AStarNoClosed,1620,142,405,443,39,76700
99,161,20261068,BFS,1680,152,984,998,19,96300
99,161,20261068,Dijkstra,1680,152,960,970,21,115800
99,161,20261068,AStarClosed,1680,152,389,418,35,71400
99,161,20261068,AStarNoClosed,1680,152,389,418,35,88200
99,162,20261069,BFS,1620,142,821,830,17,87900
99,162,20261069,Dijkstra,1620,142,819,828,17,103900
99,162,20261069,AStarClosed,1620,142,372,402,33,84900
99,162,20261069,AStarNoClosed,1620,142,372,402,33,73600
99,163,20261070,BFS,1620,142,654,663,12,71800
99,163,20261070,Dijkstra,1620,142,650,659,13,90600
99,163,20261070,AStarClosed,1620,142,404,440,37,88400
99,163,20261070,AStarNoClosed,1620,142,404,440,37,82100
99,164,20261071,BFS,1632,144,746,756,15,82200
99,164,20261071,Dijkstra,1632,144,752,761,16,100300
99,164,20261071,AStarClosed,1632,144,397,428,32,64900
99,164,20261071,AStarNoClosed,1632,144,397,428,32,65700
99,165,20261072,BFS,1668,150,1122,1136,20,103600
99,165,20261072,Dijkstra,1668,150,1116,1130,21,131700
99,165,20261072,AStarClosed,1668,150,435,473,39,90500
99,165,20261072,AStarNoClosed,1668,150,435,473,39,92400
99,166,20261073,BFS,1668,150,742,753,16,80000
99,166,20261073,Dijkstra,1668,150,723,736,14,91300
99,166,20261073,AStarClosed,1668,150,373,401,29,71900
99,166,20261073,AStarNoClosed,1668,150,373,401,29,68600
99,167,20261074,BFS,1680,152,969,992,25,89800
99,167,20261074,Dijkstra,1680,152,955,979,26,112000
99,167,20261074,AStarClosed,1680,152,528,558,46,89500
99,167,20261074,AStarNoClosed,1680,152,528,558,46,86300
99,168,20261075,BFS,1644,146,1180,1193,21,103600
99,168,20261075,Dijkstra,1644,146,1167,1183,21,145100
99,168,20261075,AStarClosed,1644,146,391,423,33,119100
99,168,20261075,AStarNoClosed,1644,146,391,423,33,117100
99,169,20261076,BFS,1692,154,1203,1223,27,103000
99,169,20261076,Dijkstra,1692,154,1168,1190,29,118500
99,169,20261076,AStarClosed,1692,154,463,494,33,89100
99,169,20261076,AStarNoClosed,1692,154,463,494,33,80000
99,170,20261077,BFS,1614,141,894,909,20,87600
99,170,20261077,Dijkstra,1614,141,893,911,21,103000
99,170,20261077,AStarClosed,1614,141,350,389,40,68500
99,170,20261077,AStarNoClosed,1614,141,350,389,40,64400
99,171,20261078,BFS,1686,153,1011,1027,18,86000
99,171,20261078,Dijkstra,1686,153,993,1011,19,107700
99,171,20261078,AStarClosed,1686,153,460,500,41,77500
99,171,20261078,AStarNoClosed,1686,153,460,500,41,77800
99,172,20261079,BFS,1668,150,756,760,13,82900
99,172,20261079,Dijkstra,1668,150,755,759,15,91000
99,172,20261079,AStarClosed,1668,150,400,428,29,59800
99,172,20261079,AStarNoClosed,1668,150,400,428,29,81000
99,173,20261080,BFS,1674,151,1307,1326,24,104900
99,173,20261080,Dijkstra,1674,151,1292,1309,25,129200
99,173,20261080,AStarClosed,1674,151,454,492,39,74300
99,173,20261080,AStarNoClosed,1674,151,454,492,39,72600
99,174,20261081,BFS,1632,144,1039,1053,17,91700
99,174,20261081,Dijkstra,1632,144,1031,1041,16,108700
99,174,20261081,AStarClosed,1632,144,411,450,41,80200
99,174,20261081,AStarNoClosed,1632,144,411,450,41,71700
99,175,20261082,BFS,1650,147,681,692,14,74900
99,175,20261082,Dijkstra,1650,147,672,684,14,76800
99,175,20261082,AStarClosed,1650,147,391,415,26,69700
99,175,20261082,AStarNoClosed,1650,147,391,415,26,77000
99,176,20261083,BFS,1614,141,910,921,18,87700
99,176,20261083,Dijkstra,1614,141,915,924,18,101300
99,176,20261083,AStarClosed,1614,141,347,377,34,75200
99,176,20261083,AStarNoClosed,1614,141,347,377,34,69600
99,177,20261084,BFS,1656,148,868,874,16,85200
99,177,20261084,Dijkstra,1656,148,862,867,15,93900
99,177,20261084,AStarClosed,1656,148,380,424,45,76100
99,177,20261084,AStarNoClosed,1656,148,380,424,45,97600
99,178,20261085,BFS,1680,152,1037,1059,24,117400
99,178,20261085,Dijkstra,1680,152,1030,1051,24,116700
99,178,20261085,AStarClosed,1680,152,434,465,32,84500
99,178,20261085,AStarNoClosed,1680,152,434,465,32,84500
99,179,20261086,BFS,1650,147,831,842,16,82800
99,179,20261086,Dijkstra,1650,147,815,831,17,94100
99,179,20261086,AStarClosed,1650,147,417,459,43,75700
99,179,20261086,AStarNoClosed,1650,147,417,459,43,83700
99,180,20261087,BFS,1632,144,862,870,20,84800
99,180,20261087,Dijkstra,1632,144,858,868,20,97100
99,180,20261087,AStarClosed,1632,144,390,428,40,74700
99,180,20261087,AStarNoClosed,1632,144,390,428,40,75500
99,181,20261088,BFS,1608,140,1029,1038,25,92900
99,181,20261088,Dijkstra,1608,140,1027,1036,24,108900
99,181,20261088,AStarClosed,1608,140,369,408,40,56200
99,181,20261088,AStarNoClosed,1608,140,369,408,40,86200
99,182,20261089,BFS,1620,142,694,703,12,76000
99,182,20261089,Dijkstra,1620,142,686,696,12,86200
99,182,20261089,AStarClosed,1620,142,410,444,36,127100
99,182,20261089,AStarNoClosed,1620,142,410,444,36,75600
99,183,20261090,BFS,1620,142,754,764,12,77200
99,183,20261090,Dijkstra,1620,142,748,757,11,86000
99,183,20261090,AStarClosed,1620,142,425,455,43,86300
99,183,20261090,AStarNoClosed,1620,142,425,455,43,84500
99,184,20261091,BFS,1704,156,1023,1028,21,91300
99,184,20261091,Dijkstra,1704,156,1020,1024,22,131100
99,184,20261091,AStarClosed,1704,156,448,480,43,79400
99,184,20261091,AStarNoClosed,1704,156,448,480,43,70900
99,185,20261092,BFS,1632,144,936,948,18,87100
99,185,20261092,Dijkstra,1632,144,937,949,19,99000
99,185,20261092,AStarClosed,1632,144,455,496,48,79200
99,185,20261092,AStarNoClosed,1632,144,455,496,48,86600
99,186,20261093,BFS,1692,154,1145,1165,22,93500
99,186,20261093,Dijkstra,1692,154,1122,1144,23,117200
99,186,20261093,AStarClosed,1692,154,519,564,46,88000
99,186,20261093,AStarNoClosed,1692,154,519,564,46,76100
99,187,20261094,BFS,1686,153,998,1009,20,87400
99,187,20261094,Dijkstra,1686,153,996,1006,19,106200
99,187,20261094,AStarClosed,1686,153,411,438,29,63900
99,187,20261094,AStarNoClosed,1686,153,411,438,29,73100
99,188,20261095,BFS,1638,145,1008,1020,20,93000
99,188,20261095,Dijkstra,1638,145,1047,1061,19,107000
99,188,20261095,AStarClosed,1638,145,347,376,32,57900
99,188,20261095,AStarNoClosed,1638,145,347,376,32,74400
99,189,20261096,BFS,1650,147,1089,1111,23,100300
99,189,20261096,Dijkstra,1650,147,1054,1071,23,110900
99,189,20261096,AStarClosed,1650,147,384,414,35,76500
99,189,20261096,AStarNoClosed,1650,147,384,414,35,60100
99,190,20261097,BFS,1644,146,1526,1551,32,123500
99,190,20261097,Dijkstra,1644,146,1472,1500,33,146500
99,190,20261097,AStarClosed,1644,146,449,490,42,85700
99,190,20261097,AStarNoClosed,1644,146,449,490,42,107200
99,191,20261098,BFS,1590,137,894,898,17,130500
99,191,20261098,Dijkstra,1590,137,896,899,18,115600
99,191,20261098,AStarClosed,1590,137,370,408,43,57300
99,191,20261098,AStarNoClosed,1590,137,370,408,43,81500
99,192,20261099,BFS,1644,146,815,824,18,83000
99,192,20261099,Dijkstra,1644,146,808,816,15,97500
99,192,20261099,AStarClosed,1644,146,365,392,28,73000
99,192,20261099,AStarNoClosed,1644,146,365,392,28,73600
99,193,20261100,BFS,1584,136,962,969,20,87900
99,193,20261100,Dijkstra,1584,136,972,974,20,107800
99,193,20261100,AStarClosed,1584,136,361,396,36,54200
99,193,20261100,AStarNoClosed,1584,136,361,396,36,76800
99,194,20261101,BFS,1710,157,1060,1080,23,99000
99,194,20261101,Dijkstra,1710,157,1046,1066,24,113700
99,194,20261101,AStarClosed,1710,157,406,439,34,135400
99,194,20261101,AStarNoClosed,1710,157,406,439,34,78700
99,195,20261102,BFS,1632,144,898,913,18,84700
99,195,20261102,Dijkstra,1632,144,887,905,20,96300
99,195,20261102,AStarClosed,1632,144,418,442,30,67800
99,195,20261102,AStarNoClosed,1632,144,418,442,30,77200
99,196,20261103,BFS,1674,151,646,654,12,71400
99,196,20261103,Dijkstra,1674,151,637,647,13,78000
99,196,20261103,AStarClosed,1674,151,396,438,43,81000
99,196,20261103,AStarNoClosed,1674,151,396,438,43,70300
99,197,20261104,BFS,1656,148,1149,1162,22,101900
99,197,20261104,Dijkstra,1656,148,1162,1175,21,120600
99,197,20261104,AStarClosed,1656,148,413,442,31,51800
99,197,20261104,AStarNoClosed,1656,148,413,442,31,78000
99,198,20261105,BFS,1656,148,769,781,14,82600
99,198,20261105,Dijkstra,1656,148,765,776,13,97000
99,198,20261105,AStarClosed,1656,148,441,472,37,81800
99,198,20261105,AStarNoClosed,1656,148,441,472,37,73700
99,199,20261106,BFS,1662,149,1323,1340,22,112800
99,199,20261106,Dijkstra,1662,149,1301,1317,23,128900
99,199,20261106,AStarClosed,1662,149,411,446,36,65500
99,199,20261106,AStarNoClosed,1662,149,411,446,36,97400
99,200,20261107,BFS,1674,151,932,940,19,96400
99,200,20261107,Dijkstra,1674,151,928,936,20,107100
99,200,20261107,AStarClosed,1674,151,373,407,35,86200
99,200,20261107,AStarNoClosed,1674,151,373,407,35,70700
99,201,20261108,BFS,1650,147,1183,1204,26,95500
99,201,20261108,Dijkstra,1650,147,1156,1176,27,134300
99,201,20261108,AStarClosed,1650,147,391,424,34,82200
99,201,20261108,AStarNoClosed,1650,147,391,424,34,83800
99,202,20261109,BFS,1680,152,925,932,19,89400
99,202,20261109,Dijkstra,1680,152,924,933,19,105300
99,202,20261109,AStarClosed,1680,152,430,465,36,128800
99,202,20261109,AStarNoClosed,1680,152,430,465,36,124200
99,203,20261110,BFS,1614,141,773,788,23,111600
99,203,20261110,Dijkstra,1614,141,753,772,23,166700
99,203,20261110,AStarClosed,1614,141,339,367,29,178000
99,203,20261110,AStarNoClosed,1614,141,339,367,29,77300
99,204,20261111,BFS,1674,151,1479,1508,34,134700
99,204,20261111,Dijkstra,1674,151,1442,1474,38,144300
99,204,20261111,AStarClosed,1674,151,424,457,34,77500
99,204,20261111,AStarNoClosed,1674,151,424,457,34,72300
99,205,20261112,BFS,1644,146,861,875,18,83200
99,205,20261112,Dijkstra,1644,146,838,854,19,89600
99,205,20261112,AStarClosed,1644,146,331,365,35,75200
99,205,20261112,AStarNoClosed,1644,146,331,365,35,73900
99,206,20261113,BFS,1668,150,1099,1124,28,95900
99,206,20261113,Dijkstra,1668,150,1068,1091,26,115600
99,206,20261113,AStarClosed,1668,150,442,472,31,78200
99,206,20261113,AStarNoClosed,1668,150,442,472,31,81200
99,207,20261114,BFS,1668,150,1250,1265,18,101100
99,207,20261114,Dijkstra,1668,150,1240,1253,18,116800
99,207,20261114,AStarClosed,1668,150,522,558,37,56500
99,207,20261114,AStarNoClosed,1668,150,522,558,37,88900
99,208,20261115,BFS,1650,147,895,903,15,87100
99,208,20261115,Dijkstra,1650,147,895,903,15,101500
99,208,20261115,AStarClosed,1650,147,490,528,44,90100
99,208,20261115,AStarNoClosed,1650,147,490,528,44,89800
99,209,20261116,BFS,1596,138,887,893,20,138000
99,209,20261116,Dijkstra,1596,138,889,895,21,108100
99,209,20261116,AStarClosed,1596,138,334,367,34,62800
99,209,20261116,AStarNoClosed,1596,138,334,367,34,60300
99,210,20261117,BFS,1674,151,901,918,20,86200
99,210,20261117,Dijkstra,1674,151,882,898,18,95100
99,210,20261117,AStarClosed,1674,151,482,519,38,50500
99,210,20261117,AStarNoClosed,1674,151,482,519,38,77100
99,211,20261118,BFS,1674,151,1197,1220,27,109600
99,211,20261118,Dijkstra,1674,151,1166,1191,28,116300
99,211,20261118,AStarClosed,1674,151,405,447,43,61300
99,211,20261118,AStarNoClosed,1674,151,405,447,43,81300
99,212,20261119,BFS,1638,145,877,879,21,83800
99,212,20261119,Dijkstra,1638,145,875,878,20,97000
99,212,20261119,AStarClosed,1638,145,424,465,42,75100
99,212,20261119,AStarNoClosed,1638,145,424,465,42,72800
99,213,20261120,BFS,1650,147,1280,1293,31,110400
99,213,20261120,Dijkstra,1650,147,1250,1260,32,123300
99,213,20261120,AStarClosed,1650,147,409,440,32,72900
99,213,20261120,AStarNoClosed,1650,147,409,440,32,54300
99,214,20261121,BFS,1686,153,977,991,17,91300
99,214,20261121,Dijkstra,1686,153,957,970,18,103700
99,214,20261121,AStarClosed,1686,153,388,423,36,79100
99,214,20261121,AStarNoClosed,1686,153,388,423,36,82500
99,215,20261122,BFS,1620,142,983,999,21,107500
99,215,20261122,Dijkstra,1620,142,985,1004,22,120100
99,215,20261122,AStarClosed,1620,142,354,387,34,79800
99,215,20261122,AStarNoClosed,1620,142,354,387,34,76400
99,216,20261123,BFS,1650,147,1213,1227,24,104600
99,216,20261123,Dijkstra,1650,147,1185,1201,23,120100
99,216,20261123,AStarClosed,1650,147,380,414,35,72600
99,216,20261123,AStarNoClosed,1650,147,380,414,35,72100
99,217,20261124,BFS,1680,152,925,933,17,68600
99,217,20261124,Dijkstra,1680,152,924,933,16,101300
99,217,20261124,AStarClosed,1680,152,386,418,33,78900
99,217,20261124,AStarNoClosed,1680,152,386,418,33,75000
99,218,20261125,BFS,1698,155,933,958,26,72800
99,218,20261125,Dijkstra,1698,155,893,915,24,107400
99,218,20261125,AStarClosed,1698,155,417,455,39,58600
99,218,20261125,AStarNoClosed,1698,155,417,455,39,42500
99,219,20261126,BFS,1614,141,1174,1200,29,101400
99,219,20261126,Dijkstra,1614,141,1161,1187,30,123000
99,219,20261126,AStarClosed,1614,141,394,421,38,50200
99,219,20261126,AStarNoClosed,1614,141,394,421,38,80400
99,220,20261127,BFS,1656,148,1198,1212,24,105500
99,220,20261127,Dijkstra,1656,148,1172,1185,26,127600
99,220,20261127,AStarClosed,1656,148,376,417,42,81500
99,220,20261127,AStarNoClosed,1656,148,376,417,42,102300
99,221,20261128,BFS,1632,144,878,891,17,89600
99,221,20261128,Dijkstra,1632,144,878,892,17,98200
99,221,20261128,AStarClosed,1632,144,389,418,30,91900
99,221,20261128,AStarNoClosed,1632,144,389,418,30,59500
99,222,20261129,BFS,1710,157,1200,1214,20,97000
99,222,20261129,Dijkstra,1710,157,1189,1207,20,153900
99,222,20261129,AStarClosed,1710,157,445,489,45,115900
99,222,20261129,AStarNoClosed,1710,157,445,489,45,83100
99,223,20261130,BFS,1632,144,839,853,16,81500
99,223,20261130,Dijkstra,1632,144,818,835,18,88900
99,223,20261130,AStarClosed,1632,144,374,399,26,77700
99,223,20261130,AStarNoClosed,1632,144,374,399,26,40500
99,224,20261131,BFS,1656,148,1164,1172,21,80700
99,224,20261131,Dijkstra,1656,148,1168,1175,20,118900
99,224,20261131,AStarClosed,1656,148,392,425,34,82200
99,224,20261131,AStarNoClosed,1656,148,392,425,34,80200
99,225,20261132,BFS,1650,147,698,708,17,71000
99,225,20261132,Dijkstra,1650,147,686,698,17,83700
99,225,20261132,AStarClosed,1650,147,374,413,40,42600
99,225,20261132,AStarNoClosed,1650,147,374,413,40,71700
99,226,20261133,BFS,1674,151,1273,1298,29,105700
99,226,20261133,Dijkstra,1674,151,1239,1263,30,125500
99,226,20261133,AStarClosed,1674,151,400,435,36,77400
99,226,20261133,AStarNoClosed,1674,151,400,435,36,75600
99,227,20261134,BFS,1650,147,968,980,16,93600
99,227,20261134,Dijkstra,1650,147,965,976,16,103900
99,227,20261134,AStarClosed,1650,147,395,423,29,43000
99,227,20261134,AStarNoClosed,1650,147,395,423,29,90800
99,228,20261135,BFS,1638,145,1072,1083,20,96200
99,228,20261135,Dijkstra,1638,145,1062,1077,20,121400
99,228,20261135,AStarClosed,1638,145,427,461,35,101400
99,228,20261135,AStarNoClosed,1638,145,427,461,35,103400
99,229,20261136,BFS,1662,149,913,935,24,68400
99,229,20261136,Dijkstra,1662,149,890,910,21,109800
99,229,20261136,AStarClosed,1662,149,454,485,33,49500
99,229,20261136,AStarNoClosed,1662,149,454,485,33,86100
99,230,20261137,BFS,1674,151,1476,1496,27,101300
99,230,20261137,Dijkstra,1674,151,1443,1464,26,144700
99,230,20261137,AStarClosed,1674,151,409,452,44,137800
99,230,20261137,AStarNoClosed,1674,151,409,452,44,78800
99,231,20261138,BFS,1722,159,1014,1033,23,157500
99,231,20261138,Dijkstra,1722,159,979,1001,23,121000
99,231,20261138,AStarClosed,1722,159,350,386,37,66700
99,231,20261138,AStarNoClosed,1722,159,350,386,37,65200
99,232,20261139,BFS,1620,142,1065,1096,33,95300
99,232,20261139,Dijkstra,1620,142,1014,1043,32,109900
99,232,20261139,AStarClosed,1620,142,367,384,26,76200
99,232,20261139,AStarNoClosed,1620,142,367,384,26,47100
99,233,20261140,BFS,1674,151,1307,1329,23,89500
99,233,20261140,Dijkstra,1674,151,1268,1294,29,127600
99,233,20261140,AStarClosed,1674,151,434,471,38,75200
99,233,20261140,AStarNoClosed,1674,151,434,471,38,81400
99,234,20261141,BFS,1614,141,911,925,15,87500
99,234,20261141,Dijkstra,1614,141,904,917,15,103500
99,234,20261141,AStarClosed,1614,141,456,483,36,75000
99,234,20261141,AStarNoClosed,1614,141,456,483,36,85300
99,235,20261142,BFS,1620,142,1029,1042,17,96800
99,235,20261142,Dijkstra,1620,142,1008,1020,16,112300
99,235,20261142,AStarClosed,1620,142,453,481,35,138200
99,235,20261142,AStarNoClosed,1620,142,453,481,35,113000
99,236,20261143,BFS,1656,148,1097,1119,27,104700
99,236,20261143,Dijkstra,1656,148,1077,1101,25,125400
99,236,20261143,AStarClosed,1656,148,401,431,31,80600
99,236,20261143,AStarNoClosed,1656,148,401,431,31,72600
99,237,20261144,BFS,1692,154,991,1002,18,78300
99,237,20261144,Dijkstra,1692,154,985,996,18,101700
99,237,20261144,AStarClosed,1692,154,360,398,39,58200
99,237,20261144,AStarNoClosed,1692,154,360,398,39,76400
99,238,20261145,BFS,1638,145,1221,1233,21,90500
99,238,20261145,Dijkstra,1638,145,1228,1239,24,127300
99,238,20261145,AStarClosed,1638,145,374,404,31,70600
99,238,20261145,AStarNoClosed,1638,145,374,404,31,73500
99,239,20261146,BFS,1704,156,1287,1310,28,98200
99,239,20261146,Dijkstra,1704,156,1264,1284,29,127900
99,239,20261146,AStarClosed,1704,156,418,455,38,87300
99,239,20261146,AStarNoClosed,1704,156,418,455,38,85700
99,240,20261147,BFS,1656,148,1117,1135,25,118300
99,240,20261147,Dijkstra,1656,148,1089,1105,26,121800
99,240,20261147,AStarClosed,1656,148,359,396,38,96100
99,240,20261147,AStarNoClosed,1656,148,359,396,38,80700
99,241,20261148,BFS,1680,152,987,1002,17,92500
99,241,20261148,Dijkstra,1680,152,974,986,16,108900
99,241,20261148,AStarClosed,1680,152,376,403,28,64900
99,241,20261148,AStarNoClosed,1680,152,376,403,28,38900
99,242,20261149,BFS,1632,144,710,712,15,80800
99,242,20261149,Dijkstra,1632,144,710,712,14,113600
99,242,20261149,AStarClosed,1632,144,370,401,32,76700
99,242,20261149,AStarNoClosed,1632,144,370,401,32,125300
99,243,20261150,BFS,1686,153,1037,1058,24,170500
99,243,20261150,Dijkstra,1686,153,1006,1029,24,233600
99,243,20261150,AStarClosed,1686,153,395,428,34,80300
99,243,20261150,AStarNoClosed,1686,153,395,428,34,83200
99,244,20261151,BFS,1584,136,924,931,19,127300
99,244,20261151,Dijkstra,1584,136,926,932,18,144700
99,244,20261151,AStarClosed,1584,136,330,361,36,57300
99,244,20261151,AStarNoClosed,1584,136,330,361,36,67200
99,245,20261152,BFS,1626,143,1002,1016,20,91000
99,245,20261152,Dijkstra,1626,143,978,999,23,103200
99,245,20261152,AStarClosed,1626,143,382,415,34,73900
99,245,20261152,AStarNoClosed,1626,143,382,415,34,65100
99,246,20261153,BFS,1650,147,675,685,11,66300
99,246,20261153,Dijkstra,1650,147,680,688,11,90500
99,246,20261153,AStarClosed,1650,147,428,464,37,61600
99,246,20261153,AStarNoClosed,1650,147,428,464,37,71800
99,247,20261154,BFS,1758,165,1844,1868,37,141800
99,247,20261154,Dijkstra,1758,165,1771,1799,41,159100
99,247,20261154,AStarClosed,1758,165,476,514,39,81900
99,247,20261154,AStarNoClosed,1758,165,476,514,39,74200
99,248,20261155,BFS,1680,152,921,938,19,92100
99,248,20261155,Dijkstra,1680,152,902,919,21,102800
99,248,20261155,AStarClosed,1680,152,416,459,44,83800
99,248,20261155,AStarNoClosed,1680,152,416,459,44,59200
99,249,20261156,BFS,1638,145,1085,1111,27,96300
99,249,20261156,Dijkstra,1638,145,1088,1111,24,114300
99,249,20261156,AStarClosed,1638,145,336,375,40,60800
99,249,20261156,AStarNoClosed,1638,145,336,375,40,65600
99,250,20261157,BFS,1656,148,1122,1136,21,101900
99,250,20261157,Dijkstra,1656,148,1115,1128,19,121900
99,250,20261157,AStarClosed,1656,148,380,420,41,68000
99,250,20261157,AStarNoClosed,1656,148,380,420,41,66700
99,251,20261158,BFS,1722,159,1186,1203,18,227000
99,251,20261158,Dijkstra,1722,159,1162,1178,19,129800
99,251,20261158,AStarClosed,1722,159,504,536,37,88700
99,251,20261158,AStarNoClosed,1722,159,504,536,37,80600
99,252,20261159,BFS,1620,142,946,961,19,101400
99,252,20261159,Dijkstra,1620,142,937,956,21,115700
99,252,20261159,AStarClosed,1620,142,459,492,38,69900
99,252,20261159,AStarNoClosed,1620,142,459,492,38,74900
99,253,20261160,BFS,1674,151,983,996,17,107700
99,253,20261160,Dijkstra,1674,151,963,979,17,110000
99,253,20261160,AStarClosed,1674,151,413,447,35,201800
99,253,20261160,AStarNoClosed,1674,151,413,447,35,52700
99,254,20261161,BFS,1668,150,1265,1280,22,105300
99,254,20261161,Dijkstra,1668,150,1242,1257,23,277400
99,254,20261161,AStarClosed,1668,150,387,423,37,82100
99,254,20261161,AStarNoClosed,1668,150,387,423,37,62000
99,255,20261162,BFS,1662,149,1161,1174,23,106400
99,255,20261162,Dijkstra,1662,149,1143,1157,22,121900
99,255,20261162,AStarClosed,1662,149,430,468,39,161300
99,255,20261162,AStarNoClosed,1662,149,430,468,39,72100
99,256,20261163,BFS,1668,150,1135,1146,18,101000
99,256,20261163,Dijkstra,1668,150,1142,1154,18,126500
99,256,20261163,AStarClosed,1668,150,489,528,42,85300
99,256,20261163,AStarNoClosed,1668,150,489,528,42,83800
99,257,20261164,BFS,1686,153,1119,1142,24,96000
99,257,20261164,Dijkstra,1686,153,1078,1095,21,116900
99,257,20261164,AStarClosed,1686,153,369,407,39,64600
99,257,20261164,AStarNoClosed,1686,153,369,407,39,69200
99,258,20261165,BFS,1632,144,1081,1097,21,92200
99,258,20261165,Dijkstra,1632,144,1093,1109,22,122000
99,258,20261165,AStarClosed,1632,144,421,460,40,82800
99,258,20261165,AStarNoClosed,1632,144,421,460,40,72200
99,259,20261166,BFS,1644,146,804,808,13,78600
99,259,20261166,Dijkstra,1644,146,801,805,14,90400
99,259,20261166,AStarClosed,1644,146,434,460,33,77300
99,259,20261166,AStarNoClosed,1644,146,434,460,33,63200
99,260,20261167,BFS,1626,143,973,988,16,69400
99,260,20261167,Dijkstra,1626,143,975,989,17,111000
99,260,20261167,AStarClosed,1626,143,384,421,38,57600
99,260,20261167,AStarNoClosed,1626,143,384,421,38,71100
99,261,20261168,BFS,1692,154,1232,1239,22,104600
99,261,20261168,Dijkstra,1692,154,1231,1238,23,129400
99,261,20261168,AStarClosed,1692,154,439,483,45,64300
99,261,20261168,AStarNoClosed,1692,154,439,483,45,78000
99,262,20261169,BFS,1734,161,1361,1387,32,110600
99,262,20261169,Dijkstra,1734,161,1284,1313,31,198900
99,262,20261169,AStarClosed,1734,161,424,454,31,218300
99,262,20261169,AStarNoClosed,1734,161,424,454,31,79000
99,263,20261170,BFS,1722,159,1269,1289,23,130000
99,263,20261170,Dijkstra,1722,159,1248,1269,24,138700
99,263,20261170,AStarClosed,1722,159,466,505,40,94400
99,263,20261170,AStarNoClosed,1722,159,466,505,40,70500
99,264,20261171,BFS,1704,156,1240,1257,24,88400
99,264,20261171,Dijkstra,1704,156,1221,1237,23,129500
99,264,20261171,AStarClosed,1704,156,479,514,38,64400
99,264,20261171,AStarNoClosed,1704,156,479,514,38,84800
99,265,20261172,BFS,1644,146,738,747,12,76400
99,265,20261172,Dijkstra,1644,146,738,747,11,100500
99,265,20261172,AStarClosed,1644,146,399,431,36,256000
99,265,20261172,AStarNoClosed,1644,146,399,431,36,111600
99,266,20261173,BFS,1686,153,1174,1186,19,115600
99,266,20261173,Dijkstra,1686,153,1159,1173,18,190400
99,266,20261173,AStarClosed,1686,153,472,512,41,146800
99,266,20261173,AStarNoClosed,1686,153,472,512,41,162900
99,267,20261174,BFS,1686,153,1143,1170,33,153300
99,267,20261174,Dijkstra,1686,153,1080,1106,34,156400
99,267,20261174,AStarClosed,1686,153,448,469,37,107900
99,267,20261174,AStarNoClosed,1686,153,448,469,37,65500
99,268,20261175,BFS,1674,151,864,883,21,87900
99,268,20261175,Dijkstra,1674,151,836,853,24,111000
99,268,20261175,AStarClosed,1674,151,416,441,31,56200
99,268,20261175,AStarNoClosed,1674,151,416,441,31,85000
99,269,20261176,BFS,1572,134,797,809,15,83500
99,269,20261176,Dijkstra,1572,134,790,800,14,83500
99,269,20261176,AStarClosed,1572,134,398,430,36,84300
99,269,20261176,AStarNoClosed,1572,134,398,430,36,56500
99,270,20261177,BFS,1656,148,932,948,18,69400
99,270,20261177,Dijkstra,1656,148,949,967,19,124600
99,270,20261177,AStarClosed,1656,148,404,448,52,89700
99,270,20261177,AStarNoClosed,1656,148,404,448,52,71900
99,271,20261178,BFS,1626,143,675,690,18,73600
99,271,20261178,Dijkstra,1626,143,663,680,19,86400
99,271,20261178,AStarClosed,1626,143,355,382,28,56600
99,271,20261178,AStarNoClosed,1626,143,355,382,28,76500
99,272,20261179,BFS,1614,141,1170,1189,22,102900
99,272,20261179,Dijkstra,1614,141,1155,1177,23,120400
99,272,20261179,AStarClosed,1614,141,397,445,49,67600
99,272,20261179,AStarNoClosed,1614,141,397,445,49,63300
99,273,20261180,BFS,1740,162,1418,1440,28,117100
99,273,20261180,Dijkstra,1740,162,1368,1392,29,145600
99,273,20261180,AStarClosed,1740,162,461,496,36,87400
99,273,20261180,AStarNoClosed,1740,162,461,496,36,116300
99,274,20261181,BFS,1644,146,805,811,13,106100
99,274,20261181,Dijkstra,1644,146,793,801,13,107300
99,274,20261181,AStarClosed,1644,146,340,373,34,77200
99,274,20261181,AStarNoClosed,1644,146,340,373,34,76200
99,275,20261182,BFS,1572,134,692,700,15,77900
99,275,20261182,Dijkstra,1572,134,683,692,15,85300
99,275,20261182,AStarClosed,1572,134,354,382,38,80200
99,275,20261182,AStarNoClosed,1572,134,354,382,38,70900
99,276,20261183,BFS,1710,157,893,903,14,84400
99,276,20261183,Dijkstra,1710,157,866,878,15,104500
99,276,20261183,AStarClosed,1710,157,491,522,41,89800
99,276,20261183,AStarNoClosed,1710,157,491,522,41,86900
99,277,20261184,BFS,1704,156,1145,1165,24,99600
99,277,20261184,Dijkstra,1704,156,1103,1127,27,121900
99,277,20261184,AStarClosed,1704,156,352,390,39,74000
99,277,20261184,AStarNoClosed,1704,156,352,390,39,74000
99,278,20261185,BFS,1644,146,820,823,16,74700
99,278,20261185,Dijkstra,1644,146,820,824,16,94900
99,278,20261185,AStarClosed,1644,146,419,447,30,89600
99,278,20261185,AStarNoClosed,1644,146,419,447,30,74500
99,279,20261186,BFS,1632,144,1220,1234,24,104000
99,279,20261186,Dijkstra,1632,144,1196,1216,27,128200
99,279,20261186,AStarClosed,1632,144,441,469,29,77600
99,279,20261186,AStarNoClosed,1632,144,441,469,29,72700
99,280,20261187,BFS,1596,138,1199,1221,29,101000
99,280,20261187,Dijkstra,1596,138,1216,1237,29,132500
99,280,20261187,AStarClosed,1596,138,352,388,37,80900
99,280,20261187,AStarNoClosed,1596,138,352,388,37,67000
99,281,20261188,BFS,1638,145,851,868,18,85800
99,281,20261188,Dijkstra,1638,145,843,861,19,100400
99,281,20261188,AStarClosed,1638,145,374,400,27,82100
99,281,20261188,AStarNoClosed,1638,145,374,400,27,102100
99,282,20261189,BFS,1656,148,1222,1236,24,136000
99,282,20261189,Dijkstra,1656,148,1207,1221,23,137800
99,282,20261189,AStarClosed,1656,148,402,431,31,106800
99,282,20261189,AStarNoClosed,1656,148,402,431,31,88100
99,283,20261190,BFS,1698,155,1199,1229,33,107800
99,283,20261190,Dijkstra,1698,155,1129,1159,31,215500
99,283,20261190,AStarClosed,1698,155,416,438,29,212000
99,283,20261190,AStarNoClosed,1698,155,416,438,29,177000
99,284,20261191,BFS,1668,150,1026,1037,17,355000
99,284,20261191,Dijkstra,1668,150,1022,1034,18,131100
99,284,20261191,AStarClosed,1668,150,443,482,40,97100
99,284,20261191,AStarNoClosed,1668,150,443,482,40,84100
99,285,20261192,BFS,1686,153,1014,1035,24,81500
99,285,20261192,Dijkstra,1686,153,995,1020,26,108900
99,285,20261192,AStarClosed,1686,153,354,389,36,76500
99,285,20261192,AStarNoClosed,1686,153,354,389,36,62300
99,286,20261193,BFS,1680,152,965,974,17,87900
99,286,20261193,Dijkstra,1680,152,964,973,17,207300
99,286,20261193,AStarClosed,1680,152,461,495,40,90400
99,286,20261193,AStarNoClosed,1680,152,461,495,40,54600
99,287,20261194,BFS,1632,144,893,911,20,66500
99,287,20261194,Dijkstra,1632,144,905,922,21,237600
99,287,20261194,AStarClosed,1632,144,400,432,33,83500
99,287,20261194,AStarNoClosed,1632,144,400,432,33,49400
99,288,20261195,BFS,1620,142,1086,1099,17,98100
99,288,20261195,Dijkstra,1620,142,1091,1104,17,114100
99,288,20261195,AStarClosed,1620,142,466,513,48,135400
99,288,20261195,AStarNoClosed,1620,142,466,513,48,88200
99,289,20261196,BFS,1644,146,1075,1086,17,102600
99,289,20261196,Dijkstra,1644,146,1075,1088,17,118500
99,289,20261196,AStarClosed,1644,146,435,470,36,80500
99,289,20261196,AStarNoClosed,1644,146,435,470,36,75900
99,290,20261197,BFS,1668,150,1055,1073,22,87900
99,290,20261197,Dijkstra,1668,150,1087,1108,23,113700
99,290,20261197,AStarClosed,1668,150,470,509,40,102300
99,290,20261197,AStarNoClosed,1668,150,470,509,40,82600
99,291,20261198,BFS,1644,146,681,687,13,79700
99,291,20261198,Dijkstra,1644,146,683,687,12,92000
99,291,20261198,AStarClosed,1644,146,412,441,31,88700
99,291,20261198,AStarNoClosed,1644,146,412,441,31,54600
99,292,20261199,BFS,1686,153,934,961,28,72700
99,292,20261199,Dijkstra,1686,153,913,939,27,103300
99,292,20261199,AStarClosed,1686,153,406,444,39,79800
99,292,20261199,AStarNoClosed,1686,153,406,444,39,82200
99,293,20261200,BFS,1638,145,1456,1477,27,119000
99,293,20261200,Dijkstra,1638,145,1453,1480,36,147600
99,293,20261200,AStarClosed,1638,145,343,367,25,48300
99,293,20261200,AStarNoClosed,1638,145,343,367,25,37800
99,294,20261201,BFS,1620,142,982,999,19,72300
99,294,20261201,Dijkstra,1620,142,954,972,19,107800
99,294,20261201,AStarClosed,1620,142,421,451,38,87600
99,294,20261201,AStarNoClosed,1620,142,421,451,38,87900
99,295,20261202,BFS,1644,146,899,919,22,78900
99,295,20261202,Dijkstra,1644,146,878,898,21,103500
99,295,20261202,AStarClosed,1644,146,431,459,29,91800
99,295,20261202,AStarNoClosed,1644,146,431,459,29,58000
99,296,20261203,BFS,1674,151,797,808,17,62400
99,296,20261203,Dijkstra,1674,151,782,794,15,109400
99,296,20261203,AStarClosed,1674,151,450,482,33,109900
99,296,20261203,AStarNoClosed,1674,151,450,482,33,79600
99,297,20261204,BFS,1674,151,963,980,18,108700
99,297,20261204,Dijkstra,1674,151,941,958,18,111500
99,297,20261204,AStarClosed,1674,151,385,412,32,60500
99,297,20261204,AStarNoClosed,1674,151,385,412,32,44200
99,298,20261205,BFS,1656,148,1004,1017,20,122400
99,298,20261205,Dijkstra,1656,148,994,1006,20,148500
99,298,20261205,AStarClosed,1656,148,423,454,32,105600
99,298,20261205,AStarNoClosed,1656,148,423,454,32,110700
99,299,20261206,BFS,1698,155,1271,1295,26,139700
99,299,20261206,Dijkstra,1698,155,1242,1263,25,172100
99,299,20261206,AStarClosed,1698,155,393,422,30,62700
99,299,20261206,AStarNoClosed,1698,155,393,422,30,44300
